0,0,0.000986897424944289,0.00287102391596505,0.00536169097521366,0.00819212721523499,0.0112562291631555,0.0145340809820595,0.0180983173726226,0.0221421824239698,0.0266627600383309,0.0315981666689744,0.0368097078429912,0.0423217753581326,0.0481676295718572,0.0543928997395327,0.0610552724140092,0.0681293632342133,0.0757116960347588,0.083795244781804,0.092363484330555,0.101319944228315,0.110763126176998,0.120819315210063,0.131638634955237,0.143233069860294,0.155614689305125,0.168855169628991,0.183010631858842,0.198132282265959,0.214203659531272,0.231151748686848,0.248963624782348,0.267690652085207,0.287299566161735,0.30779737709409,0.329130246439703,0.351378433981814,0.374552353495126,0.398586453820727,0.423478093276998,0.449097144149206,0.475283623543199,0.501905896934922,0.528724588444831,0.555502136545229,0.582189645804348,0.608784152658458,0.635359922122547,0.661984593240334,0.688558997266327,0.714882785437013,0.740662100821353,0.765526260862956,0.789123498327157,0.811007969176345,0.830638046840647,0.847407880613957,0.860689227268139,0.869966286367443,0.874725625873182,0.874432206932894,0.868513705278829,0.856473745872677,0.837898301868435,0.812519424823961,0.78016946511481,0.740755169352184,0.694348929051472,0.641265625850636,0.582160901025674,0.518048087709531,0.450195533595135,0.380009844466954,0.308938752692711,0.238477390299664,0.170271740451028,0.105986994654273,0.0471178981494802,-0.00516859282075188,-0.0501886936007025,-0.087779190641939,-0.118042556531634,-0.141464197428945,-0.158907175997584,-0.17144079637923,-0.180195268464288,-0.186216222890522,-0.190259540421238,-0.207005874213479,0
0,0,0.000672074559737723,0.00192636632308663,0.0035824285736723,0.00547819522120108,0.00752930730137891,0.00971244925013082,0.0120769684464967,0.0147581317757783,0.0177609061829749,0.0210417876537328,0.0245066185036436,0.0281773910818544,0.0320714199018539,0.0362221923392525,0.0406803686779753,0.0454446625119971,0.0505993884945042,0.0561338044779376,0.0620299321843376,0.0681988686312067,0.0747012958321136,0.0816515407821115,0.0891616334681018,0.0972436807970851,0.105904916751669,0.115186035123834,0.125134436227384,0.135796963955841,0.147152618719566,0.15913377336048,0.171704661871388,0.184913134952097,0.198753299558255,0.213252508494534,0.228367368076107,0.244156347725905,0.260656200472376,0.277825566834039,0.295693459529126,0.314175189420254,0.333144990435848,0.352524408525341,0.372177480189009,0.391919416309875,0.411715197045439,0.431615248419575,0.451733019677505,0.472208930960548,0.493026388592952,0.514027342526461,0.53497535029706,0.555593348515799,0.575627513459608,0.594782360873367,0.61265957238956,0.628784095571845,0.642647815224919,0.65379768722083,0.661793525203294,0.666161985379603,0.666393618515443,0.662023967040398,0.652660080065942,0.638002267466391,0.617819844491976,0.591926037614783,0.560251308194765,0.52293920161091,0.480433567838048,0.4334968359817,0.38311156707114,0.330364618099395,0.276387860100456,0.222373685507108,0.169678877006319,0.119700741260615,0.0737054621187809,0.0326970440824681,-0.00272006749450782,-0.0323555643159068,-0.0562543199252019,-0.0747875359421926,-0.0886159425316606,-0.098580505454791,-0.105566903190294,-0.110390070075709,-0.113642303252647,-0.121554593569925,0
0,0,-0.00114589079463201,-0.00352677307230209,-0.00668767416725302,-0.0101841670403147,-0.0139773664524441,-0.0181101822072876,-0.0226596268692312,-0.0278226771194952,-0.0335539211966314,-0.039799662100183,-0.0463961372130441,-0.0533213984410352,-0.0606479203313341,-0.0684122229793829,-0.0766168071096445,-0.085117929831533,-0.0938872570203131,-0.102959451632948,-0.112375753635305,-0.122159200444251,-0.132453498074142,-0.14319471309966,-0.154490688563953,-0.166359404734735,-0.178788354234257,-0.191903091885635,-0.205725816892375,-0.22022973752609,-0.235476889179012,-0.251498430129217,-0.268393314452162,-0.286239587953212,-0.304891909586956,-0.324242876046576,-0.344185679596897,-0.364711769008487,-0.385822329039655,-0.407391557913776,-0.429263559533794,-0.451322092245192,-0.473489860879987,-0.495644824020125,-0.517579854543278,-0.539042466875202,-0.55978092879063,-0.579549667729992,-0.597969705428213,-0.614552284701659,-0.628960245994236,-0.641047236941461,-0.650815999431572,-0.658275316119187,-0.663211564139388,-0.665288518113798,-0.664221595805245,-0.659733085328313,-0.651593352995405,-0.639584816086682,-0.623580114926838,-0.603650394165982,-0.579916038569962,-0.552485530700039,-0.521416191427662,-0.486796402855873,-0.44890321145769,-0.408265351505477,-0.365526873989381,-0.321327379418079,-0.276220837287568,-0.230771201631683,-0.185756164681735,-0.142245609038255,-0.101453085650519,-0.0644035752177672,-0.031780536213347,-0.0039379728892186,0.0190350239609103,0.0373352951167902,0.0513122713780803,0.0616197875705922,0.0688688020516821,0.0736307793960407,0.0766062729609587,0.0783131638861931,0.0792198632786949,0.0796806576082645,0.0798450259917445,0.0857105482663627,0
0,0,-0.00208080079306328,-0.00632987848775102,-0.0119672508132673,-0.0182417023790009,-0.0250407467511486,-0.0324093662029625,-0.0404859925356504,-0.0496449979818188,-0.0598310129134703,-0.0709438741462876,-0.0826843250950269,-0.0950238130150751,-0.108073034024123,-0.121903408868008,-0.136553279774752,-0.151813028351341,-0.16767850084544,-0.184193887816917,-0.201413376801021,-0.219312982451875,-0.238110291376699,-0.257799545324076,-0.278576489388222,-0.300507207375659,-0.323568173483665,-0.347929304452812,-0.373682340448475,-0.400821650926986,-0.429417870469074,-0.459509136957955,-0.491170607777924,-0.524542321566535,-0.559520261458637,-0.595892418831284,-0.633534545943668,-0.672340881080054,-0.712373472541401,-0.75353973444205,-0.795571623137704,-0.838318147723513,-0.881604492919159,-0.925237474447485,-0.968922809407914,-1.01228846034947,-1.05482591955344,-1.09610284378164,-1.13569841915833,-1.17291835727239,-1.20727779174322,-1.23853001035583,-1.26654287684583,-1.2912702104648,-1.31242876877215,-1.32943534099742,-1.34174954378297,-1.34881206348007,-1.35002182530189,-1.34477296110043,-1.33245698605079,-1.31277258255203,-1.28560275936256,-1.2508321889799,-1.20823425994534,-1.15759566507217,-1.0988941050648,-1.03257740128608,-0.959430185353412,-0.880343587785475,-0.796229065986694,-0.708105710315934,-0.617504763072432,-0.526668142478854,-0.438314573864417,-0.355046164306088,-0.278948112959526,-0.211546203455214,-0.153795341262196,-0.105983185978872,-0.0678470953145336,-0.0383830700220216,-0.0164942088337199,-0.00101744487726307,0.00951810590987634,0.0163671978281457,0.0206855678274991,0.0234018404736531,0.0250000576597245,0.0265406491081279,0
0,0,0.000798103583129262,0.00230451771648887,0.00429470173799373,0.00656484386083633,0.00902154737736893,0.011642624593172,0.0144867438979581,0.0177126443227138,0.0213223577782813,0.0252650337194105,0.0294285392799871,0.0338358507834968,0.0385104737597004,0.0434907135408196,0.0488302684679738,0.0545182686324424,0.0606441913631386,0.0671985421036609,0.0741639286010241,0.0814477564397578,0.0891259415632959,0.0973179672423541,0.106151333276216,0.115638113051197,0.125787119335278,0.136651440988111,0.148282274527979,0.160728432644689,0.173970866799451,0.187939395040551,0.202606706149638,0.218023442908027,0.234172365177379,0.251073671635417,0.268678447207208,0.287053969295314,0.30622817870433,0.326149069348013,0.346834200327152,0.36818091839848,0.39004962467348,0.412341434833813,0.434880474111971,0.457458874639116,0.480035227908402,0.502640451538227,0.525371463335773,0.548340713184515,0.571499262831139,0.594671419908991,0.617599180148858,0.639968957206477,0.661487412783046,0.681799980790885,0.700450392201503,0.716910069056155,0.730620704043361,0.741101320799899,0.747881340875566,0.750461628899686,0.748306016677716,0.740935506757893,0.727946372214546,0.709049155381933,0.684037236549287,0.652760737691295,0.615206497166824,0.571586701196679,0.522430238272023,0.468601569983491,0.41120107466908,0.351448200619586,0.290606477765976,0.229993668481058,0.171085548460553,0.115388130046554,0.0642588275891143,0.018765415284804,-0.020456695444409,-0.0532346055819914,-0.0796385292832014,-0.10008889728968,-0.115330178718835,-0.126295984390651,-0.133970149580165,-0.13925901638649,-0.142818157568854,-0.153801998664576,0
0,0,0.00111528471999378,0.00325628995694416,0.0060872682264268,0.00929828013262579,0.0127752751107941,0.016500362298256,0.0205556563873692,0.0251573163527503,0.0302986189548271,0.0359101773529353,0.0418355314901362,0.0480999613506796,0.0547437551400449,0.0618176043948182,0.0693814644180364,0.0773999247586019,0.0859737219906904,0.0950980172571718,0.10475691625291,0.114852623241887,0.125498711197423,0.13682530040299,0.148997487639882,0.162027220268556,0.175929461777848,0.190788489698761,0.206663132852924,0.223605812564251,0.241601612021931,0.260576433386753,0.280528300977174,0.301506468769169,0.323467484228466,0.34640763932719,0.370272153778266,0.395149714094572,0.421035996593382,0.447857687761712,0.475596208223493,0.504102638019262,0.533203192142075,0.56274231033585,0.592435672269346,0.622028639500641,0.651467992829581,0.68072491223819,0.709859066367372,0.738905868894804,0.767731394190321,0.796119253111939,0.823748890147556,0.850209860096101,0.875110507729204,0.897942316104263,0.918107113786292,0.934948981772905,0.94779700042487,0.956115162905306,0.95936362117753,0.956984947128618,0.948385775109017,0.933060466963042,0.910592335367966,0.880731470264919,0.843338432857678,0.798359186245293,0.745924289808571,0.686417798875539,0.620580363717494,0.549523150892895,0.474622337492036,0.397403389339217,0.31943012805128,0.242310869279152,0.167801652183954,0.0976733446699711,0.0335146058681914,-0.0234393051165682,-0.0724668636440811,-0.113402049574646,-0.146364422738969,-0.171877074842001,-0.190878282821004,-0.204527187100922,-0.214052653476088,-0.220596431620336,-0.224986763345115,-0.246362253016741,0
0,0,0.000203659014875512,0.000521013568150153,0.000935661354670714,0.00144229514169325,0.00198717255254621,0.00254090625873715,0.00311921289821981,0.0037724759320561,0.00451779079210368,0.00533786042743856,0.0062044235753369,0.00713763874709628,0.00813047524503219,0.00919827450337607,0.010380282940524,0.0117127848030165,0.0132644195746607,0.0150177226063875,0.0169501551925038,0.018985429878569,0.0211281988764611,0.0234813044177429,0.0260983289268992,0.0289887178705612,0.0321569539388022,0.0355964391055252,0.0393417083982399,0.0434355406204077,0.0478462466779987,0.0525164956942277,0.0573823746315085,0.0624716660563536,0.0678273426325902,0.0734972637817535,0.0794702122355986,0.0857754067664516,0.0924646088963001,0.0995435801841467,0.107080077179766,0.11505276953725,0.12338491609038,0.132066202681159,0.141086105762803,0.150362132654337,0.15990203479727,0.169812270649729,0.180283072094099,0.191548404933954,0.203699419443311,0.216653683277684,0.230237180073928,0.244286123654703,0.258691526278696,0.273346071132124,0.28805853690686,0.302549611564686,0.316495367750775,0.329572267999168,0.341445306944735,0.351734562825399,0.360024721664274,0.365915631828614,0.369067562920009,0.36917177901357,0.365924230167991,0.359013548466407,0.348182002845007,0.333338205265079,0.314635745686189,0.292474336225226,0.267397283271649,0.239984789144216,0.210852754092471,0.180705874411615,0.150443995006853,0.121054577262484,0.0934675817588868,0.0684635440396022,0.0465436017319121,0.0279746955894495,0.0128369431090647,0.000958653475251481,-0.00799779902656894,-0.0145325704478552,-0.0191751597110965,-0.0224173329965822,-0.0246357130554884,-0.0264760031760858,0
0,0,-0.000256029999377461,-0.000857954747303324,-0.00166145722835154,-0.00251863457229362,-0.00345184079177585,-0.00449534325099066,-0.00566577411961333,-0.00699703821349829,-0.00846157511185197,-0.0100517134263711,-0.0117303403479596,-0.013478095898364,-0.0153248169455011,-0.0172727964695127,-0.0192959102382559,-0.0213209530503491,-0.0232947328261943,-0.0252404282538023,-0.0271860792554577,-0.0291911856735254,-0.0313048279135231,-0.0334361646555266,-0.0355895871513781,-0.0377606349038899,-0.0399439373600217,-0.0421909162340057,-0.044482422125391,-0.0467808414706568,-0.0491295212755603,-0.0515741367224791,-0.054197861667447,-0.0570053595224351,-0.0599061265024403,-0.0628389507633003,-0.0657715319277656,-0.0686968054608528,-0.0715707943408859,-0.0743347955850027,-0.0768935554703774,-0.0792135977957358,-0.0813204460111905,-0.0831687946065074,-0.084677844341833,-0.0858085370044108,-0.0864875907512328,-0.0865714695814574,-0.0857849720291028,-0.0838196948369188,-0.0804969536667102,-0.0758124165008951,-0.0698890408302901,-0.0628062563623502,-0.0545333642341603,-0.0450283347632308,-0.0342898420112334,-0.0224004832446951,-0.00949700155931055,0.00427541192675562,0.0186949266651624,0.0334852623161765,0.0483276702036051,0.0629143974615687,0.0769817920383957,0.0902624490011448,0.102411580869997,0.113014369664413,0.121655393232302,0.128029353330973,0.132023237509955,0.133683175149059,0.133096525233483,0.130301287037739,0.12534005325864,0.118382425985246,0.109834417170831,0.100256978837066,0.0902469721281278,0.0803824704516387,0.0710976438462723,0.0627684455586177,0.0556322260250255,0.049751699329974,0.0451316377497761,0.0416158899868719,0.0390196175770257,0.037150441006446,0.0358216980933719,0.0360624351284144,0
0,0,0.000530732167920434,0.001502285165909,0.00278379680711538,0.0042609019590607,0.00585769893714883,0.00754849711150385,0.00937251645542148,0.0114400219197535,0.013760146251105,0.016297287491728,0.0189768484485242,0.0218203540784856,0.0248373250815206,0.0280556838037427,0.0315230989716468,0.035249846229398,0.0393161504913877,0.0437086888270031,0.048408019980954,0.0533277104882686,0.0585116060925088,0.0640716881924135,0.0701026427591671,0.0766157767726341,0.0836169437595871,0.0911323496013239,0.0992062318471199,0.107884843012563,0.117144005198327,0.126918573703001,0.137162880577122,0.147921002339181,0.159201683466399,0.171040057614285,0.183400369636665,0.19633206590035,0.209879516260493,0.224014071799104,0.23877875422744,0.254108646405719,0.269892095613137,0.286072606365742,0.302555523013751,0.319183467769733,0.335932161087413,0.352872527167733,0.370139537429509,0.387904335892571,0.406184995591545,0.424844237337496,0.44366624452546,0.462410379347403,0.480864837325413,0.498794183202122,0.515861928024279,0.531649762407937,0.545702403453774,0.557597976620585,0.566926208191603,0.573239231620917,0.576053748721961,0.574920230408054,0.569457864498659,0.559358270459327,0.544365922348931,0.524255366453417,0.498898890675875,0.46836939581587,0.433023777529129,0.393518235261567,0.350709486019312,0.305540460838159,0.258997941167678,0.212135729188958,0.166179657522818,0.122406874218612,0.0819821898347612,0.045839728286964,0.01454697102605,-0.0116868384028237,-0.0328767397128757,-0.0493407110912898,-0.0616460916781563,-0.0705334676514298,-0.0767815438801023,-0.0811061740844394,-0.0840314631198282,-0.0893054395691166,0
0,0,0.000190559172757787,0.000481714081843165,0.000861677361555735,0.00132970530397358,0.00183257199675779,0.00234049397306535,0.00286830866194876,0.0034642935738205,0.004146063639201,0.00489699245801134,0.00569053631101468,0.00654692843284721,0.0074582854261962,0.00843940388877229,0.00952930266360852,0.0107654669340533,0.0122164505362434,0.0138643660610711,0.0156864040997107,0.0176062601140359,0.0196270578749491,0.0218519865894038,0.0243330420100989,0.0270794310132842,0.0300956053316739,0.0333735355400364,0.0369475981558196,0.0408607928309195,0.045080979768386,0.0495510171847613,0.0542060549176071,0.0590732960487941,0.0641973492644183,0.0696267377513564,0.075351277450288,0.0813995585745246,0.0878235215195744,0.0946301841082331,0.101888713426916,0.109579566459963,0.117627086670801,0.126022714636093,0.134758932775682,0.143756123631974,0.153023855016627,0.16267010928334,0.17288768239257,0.183913155424236,0.195840418621742,0.208589347323155,0.221987252916875,0.235872730904532,0.250140396589572,0.264687032227712,0.279326518452947,0.293784393953771,0.307741023928386,0.320876360174651,0.332857475033819,0.343306355785984,0.351809450434075,0.35796796722957,0.361443396858036,0.361927090437021,0.35911325348178,0.352687482637876,0.342387694633942,0.328117100135088,0.310022784779505,0.28849605525042,0.26406950303722,0.237310522474942,0.208821548498406,0.179294344778953,0.149616687220558,0.120764969108166,0.0936598237977364,0.0690756476180496,0.0475102744954086,0.0292321462014655,0.0143245026772405,0.00262077041287512,-0.00620786138232177,-0.0126528297654289,-0.0172342795116265,-0.0204354878944173,-0.0226273186280821,-0.0244014572304962,0
0,0,0.000906983811077566,0.00263122618457245,0.00491007295432766,0.00750358971455611,0.0103106889479214,0.013310247048782,0.0165690227127087,0.0202659406639221,0.0244003925524972,0.0289151331657251,0.0336825680008737,0.038726570656884,0.0440760755464638,0.0497735731273181,0.0558752298511465,0.0623619312408579,0.0693275465338559,0.0767637441373097,0.08465354115107,0.0929015718029333,0.101596873986011,0.110863422335932,0.120841873222666,0.131544166806876,0.142980840377753,0.155215644580196,0.168302911958442,0.182293115814389,0.197168658644287,0.212857455669642,0.229340100446692,0.246668335155285,0.264815684955295,0.283795221030452,0.303554639122019,0.324168858277673,0.34565634324116,0.367956925268324,0.391077271491262,0.41489889917581,0.439270267442758,0.464073977373118,0.489097861583673,0.51411613961767,0.539083065713996,0.564010816791921,0.588983173089332,0.614087243134605,0.639245293535993,0.664267135511722,0.688874413468596,0.712720583309704,0.73547820859585,0.756739955353964,0.775999644878453,0.792683097430682,0.806190143339279,0.816018262894161,0.821671127749127,0.822627937315147,0.818330418616583,0.808288538429608,0.792091432653891,0.76946111489255,0.740213106324362,0.704230229390632,0.661549041089174,0.612441717506272,0.557511333177942,0.497709939267097,0.434237232799816,0.368423500841502,0.301641473829605,0.235313604519234,0.171015781276054,0.110346787348263,0.0547432194136661,0.00532952803936837,-0.0372317555786026,-0.0727765438253272,-0.101394945409325,-0.123546854559251,-0.140046665751868,-0.151907292162008,-0.160197500245701,-0.16590386236193,-0.169738946519971,-0.183894516498569,0
0,0,-0.000975321949290731,-0.00301527090157805,-0.00572491583517021,-0.00872003516057518,-0.0119671973578654,-0.015503420636108,-0.0193952087962757,-0.0238132758074059,-0.0287189894626039,-0.0340664395041976,-0.0397136427311899,-0.0456415966885899,-0.0519115305415454,-0.0585525263935338,-0.0655633538145253,-0.0728159526361338,-0.0802843613785882,-0.0879970036525677,-0.095990338447983,-0.104286756502184,-0.11301251095604,-0.122109135733503,-0.131668391631962,-0.141700095004829,-0.152193082815145,-0.163258203453104,-0.174911397432055,-0.187130148618429,-0.199972704262187,-0.21346938532934,-0.227713360615709,-0.242770764117502,-0.258504847580674,-0.274825518619075,-0.291636279483932,-0.308935930203745,-0.326718419288916,-0.344861024807933,-0.363227571882767,-0.381720307215808,-0.400278174814005,-0.418789494477068,-0.437069062620274,-0.454893963084757,-0.472051031920401,-0.488326261831801,-0.503356129407038,-0.516697112652452,-0.528044396445736,-0.537273980688425,-0.544414611246495,-0.54947785142258,-0.55226844887963,-0.552500524190549,-0.549924012740419,-0.544316788094704,-0.53550602479514,-0.523324545614514,-0.507710397189783,-0.488758562985609,-0.466612916102065,-0.441400447864368,-0.413207241367104,-0.382149967145466,-0.348527180924208,-0.312853099163561,-0.275736949879459,-0.237773913662139,-0.199461704207337,-0.161289522051078,-0.123915647019373,-0.0882378429322728,-0.0552599981632369,-0.025795090673995,-0.000333458976768952,0.0209415882342512,0.0380783058488987,0.0513524975652899,0.061148513667419,0.0680852853629261,0.0727150091479416,0.0755293234531251,0.0771066847163553,0.0778506911679528,0.0781138436362454,0.0781510267318595,0.0780467265897471,0.0834737677042483,0
0,0,0.00045798430772237,0.00128402102122394,0.00237246406744873,0.00363170779689526,0.00499363486664706,0.00643364316864847,0.00798527133715865,0.0097432162477098,0.011716820262567,0.0138750069109115,0.0161545492998947,0.0185757313977533,0.0211458715637178,0.0238903947607696,0.0268541871831474,0.0300520842333398,0.0335589047127698,0.0373624072089882,0.0414435667402842,0.0457215475662665,0.0502310827662882,0.0550767138721966,0.0603435956513394,0.0660437815686734,0.0721827795622119,0.0787803846528874,0.0858767495777712,0.0935146758239682,0.101669471915464,0.110278797406991,0.119294654453135,0.128756395403485,0.138678319769603,0.149097116913786,0.159982506396041,0.171378196300573,0.183330547231606,0.195819327991998,0.208889528227779,0.222485789430081,0.2365065777376,0.250905869689049,0.265609803746841,0.280478899457165,0.295492546113337,0.310728311898174,0.32633099131975,0.342484581777782,0.35922430193888,0.37642489873501,0.393882414693053,0.411377913500246,0.428726527026399,0.445727915431618,0.462083120948009,0.477410805445089,0.491292518910527,0.503333417432586,0.513147173088214,0.520307555194734,0.524353822239561,0.524852565668567,0.521435709418682,0.513795195394238,0.501663707179404,0.484793859918511,0.463022973085302,0.436378658042983,0.405160568189686,0.369953868911409,0.331531266546818,0.290741041794647,0.248475538026895,0.205701561359476,0.163563863621391,0.123270441281932,0.0859330415419493,0.0524517977064249,0.0233851074828948,-0.00103763738862028,-0.0208045523445293,-0.0361951156852598,-0.0477206299770785,-0.0560612959927624,-0.0619357916197174,-0.0660068659601336,-0.0687652495944491,-0.0729049810166771,0
0,0,0.00082962233101469,0.00239909220175605,0.00447265240331873,0.0068349375655643,0.00939243028418701,0.0121246592078847,0.0150923154858944,0.018458323133185,0.0222227886509145,0.0263333283221137,0.0306741155625616,0.0352677410925963,0.0401403860048148,0.0453317740617578,0.0508955967855371,0.0568176873104704,0.0631867843983542,0.0699952284403622,0.0772265585866805,0.0847898966386396,0.0927645444872311,0.101267393251696,0.110429528311158,0.120263760735845,0.130779503642174,0.142033522314598,0.154076357012677,0.16695545876145,0.180653042112056,0.195099304291944,0.210270515234683,0.226216383181708,0.242915497516044,0.26038503352212,0.278575398572663,0.297555219811848,0.317349682078991,0.337904608563662,0.359231687464558,0.381223941884087,0.403739823830271,0.426674836648594,0.449843858959809,0.473034673522292,0.496202545074141,0.519371675653105,0.542633530447063,0.566092311174629,0.589690992231354,0.613250199251681,0.63650786907175,0.659143780514512,0.680858008320911,0.701284533161555,0.719956421796894,0.736336921756148,0.749861244273575,0.760047292631484,0.766422155043387,0.768485423098866,0.765699930887862,0.757587375086899,0.743744683084088,0.723886700092493,0.697812646644365,0.665380088312503,0.62658602784694,0.581653685318756,0.53112493261979,0.475879599212448,0.417036331011801,0.355836053858539,0.293564511449006,0.231562172285194,0.17132692473524,0.114387742000858,0.0621241446502268,0.0156204849885881,-0.0244750463942438,-0.057986907555744,-0.0849866327101552,-0.105900243243468,-0.121488510871913,-0.132702870335464,-0.140548322043813,-0.145952288145878,-0.149586712132546,-0.161343996437481,0
0,0,0.000549433754571282,0.00155839601474028,0.00288951392751358,0.00442240525200077,0.0060794849495629,0.00783499702816925,0.00972957955852749,0.0118772497276574,0.0142869062969773,0.0169218252418624,0.01970460767944,0.0226570053112098,0.0257892725254862,0.0291300087113555,0.0327274825139838,0.0365906706108703,0.0408008799634487,0.0453447311943123,0.0502027808900252,0.0552875606386678,0.0606452272668463,0.0663890972440626,0.0726162444338314,0.0793378897093007,0.0865600102784398,0.0943105619675038,0.102634610236436,0.11157899629869,0.121119773003187,0.131191211424856,0.141748514574545,0.15283671224104,0.164462943085461,0.1766616964523,0.189395966609766,0.202716585179104,0.216667192165048,0.23121719037929,0.246408596774991,0.262173941889522,0.278399252460282,0.295025266023401,0.311951873128685,0.329017503812835,0.346196800836552,0.363558583666546,0.381235214834334,0.399394222502693,0.418049179927607,0.437059843138229,0.456207427237331,0.475245946858578,0.493957161532876,0.512096959691135,0.529319714166647,0.545198300029995,0.559268850618992,0.571103618451133,0.580286972323009,0.586366281357968,0.588853286429284,0.587295159998305,0.581308462344808,0.570585257171714,0.554873198565502,0.533952320654308,0.507703491981133,0.476210469479227,0.439843741871584,0.399276251589214,0.355384477691999,0.309133703067474,0.261533049212616,0.213657158700855,0.166751381882463,0.122109944842194,0.0809112275546084,0.0440983141667317,0.012241999285294,-0.0144526655724775,-0.036006492622505,-0.0527462975896356,-0.0652530679060845,-0.0742821014249273,-0.0806270928092658,-0.0850173816432687,-0.0879858433740281,-0.0935797945554526,0
0,0,0.000584234861232602,0.00166281147094693,0.00308613390808077,0.00472198249864419,0.00649086580974156,0.00836772994242452,0.010395676032612,0.0126947386831482,0.0152726965025671,0.0180909108116296,0.0210672311903508,0.0242234623518911,0.027571867769332,0.0311424354645595,0.0349841206738262,0.0391029743011302,0.0435811325428972,0.0484059741800991,0.0535584900163997,0.0589507963720663,0.0646331762131851,0.0707191766291899,0.0773101253577195,0.084417519284699,0.0920476544527418,0.100232114807064,0.10901663135229,0.118448019060011,0.128503197674675,0.139115877171299,0.150243783626863,0.161932873242115,0.174186521388862,0.187037263690307,0.200446147641472,0.21446614891255,0.229139137845884,0.244431398095138,0.260381318000675,0.27691655251256,0.293919809516993,0.311326476109052,0.329026482704535,0.346851504117041,0.364773260862918,0.382855541897882,0.401225192924173,0.420042155327152,0.439311568367245,0.45888801242657,0.478547868653735,0.498036543206169,0.517125684852019,0.535556912368477,0.552969692557852,0.568923271760681,0.582941197314994,0.594588232394713,0.603441832047636,0.609043477902006,0.610898906324195,0.6085518756597,0.601616094777057,0.589785672700287,0.572814266811363,0.550491227314097,0.522711321909611,0.48957512068371,0.451473726864734,0.409105374279505,0.363376725941535,0.315287777732365,0.265882812691999,0.216270162282242,0.167726991878411,0.121576864581783,0.0790230529501486,0.0410257898748227,0.00816521414708404,-0.0193577711807649,-0.0415714314858633,-0.0588152706144314,-0.0716930823869859,-0.080984482956822,-0.0875092109655213,-0.0920207377272675,-0.0950685890071128,-0.101262564723783,0
0,0,0.0011346608104823,0.00331443577407953,0.00619706386969554,0.00946779019073674,0.013008089359051,0.0167981915446305,0.0209221458890987,0.0256021509054563,0.0308327062018066,0.0365427894018175,0.0425720540527905,0.0489469026359117,0.0557069622246331,0.0629033870075659,0.0705976116311007,0.0787541642579512,0.0874774756276437,0.0967606864904056,0.106586676424584,0.116853565204877,0.127678039421596,0.139196780529481,0.151577385322682,0.164830613247979,0.178971653226213,0.194085881142819,0.210235100050021,0.227474591978066,0.245788324092395,0.265100442480595,0.285408874884233,0.306764601531547,0.329125034835343,0.352486067575938,0.376792435475991,0.402135552106181,0.428508402574678,0.455837086375553,0.484104541837311,0.513157939544932,0.542819502429843,0.572930545736718,0.603197296932663,0.633362203374119,0.663374721364278,0.69320388088488,0.722909960168082,0.752524439187297,0.781907682412012,0.810839717703743,0.838992667468332,0.865945327630854,0.891294574330487,0.914516547910452,0.934998384857977,0.952068310719469,0.965040430387361,0.973367609249635,0.976498361972673,0.973864115804417,0.964860310053737,0.94897442042344,0.925785837857021,0.89504642554644,0.856622475690642,0.81046947390486,0.756733790896988,0.695820150354251,0.628495411239072,0.555900776943687,0.479444223124233,0.400684726430313,0.32121711127121,0.242677926197288,0.166850030701852,0.0955262953303873,0.030311111399925,-0.0275501027651188,-0.0773365734113014,-0.118889486033012,-0.152337429045971,-0.178217832483213,-0.197486337393357,-0.211323531766794,-0.220978798431091,-0.227612039258219,-0.23206311940622,-0.254402462879696,0
0,0,-0.000564956573860798,-0.00178455511948528,-0.00340646858795068,-0.00517926860615603,-0.00710520286628835,-0.00922239202194675,-0.0115686131684178,-0.0142335660622592,-0.0171825055536665,-0.0203915955063039,-0.023780146993996,-0.0273282055901802,-0.0310812016773099,-0.035053427561067,-0.0392279124327217,-0.0435062581098933,-0.0478436958230688,-0.0522679818619736,-0.0568117788175044,-0.0615235867420836,-0.0664871669379394,-0.0716180536114734,-0.0769581026247081,-0.0825087352264191,-0.0882627672051299,-0.0943001943102075,-0.100613533840075,-0.107167712674418,-0.114013729511406,-0.12119073374766,-0.128791740171508,-0.136846128736302,-0.145235971782292,-0.153888241023232,-0.162741049994139,-0.171795239015061,-0.181018876163854,-0.190322108407528,-0.199591019253312,-0.208758467818704,-0.217815285804633,-0.226686051990782,-0.235239922395259,-0.243356072326549,-0.250907637355112,-0.257723245385094,-0.263477895492201,-0.267809530319155,-0.27048223746506,-0.271435142205107,-0.270755818573207,-0.268486597196642,-0.264519045566388,-0.258716264306642,-0.250963556070062,-0.24121584533286,-0.229485328412778,-0.215791632052273,-0.200264760220577,-0.183111845954443,-0.164587215026984,-0.144929808272536,-0.124342503957322,-0.103044058318005,-0.0813822381546743,-0.0598241429885604,-0.0388719144895333,-0.0189579985750044,-0.00035883076022003,0.0167456871014622,0.032138757158009,0.0454864679358877,0.0564228810350897,0.0647339486827576,0.0704738287322471,0.0739041092746788,0.0753923454823564,0.0753844486996655,0.0742782548151979,0.0725344698814752,0.0705080890940764,0.068428788364244,0.0665366290748324,0.0649060071845753,0.0635793371653506,0.062556947484552,0.0617728184179498,0.0646965864591635,0
0,0,-0.00110769912773279,-0.00341224608105151,-0.00647219714221592,-0.00985715191548309,-0.0135284266758866,-0.0175269170574843,-0.0219274243900713,-0.0269218470634343,-0.0324668668956853,-0.0385103939799407,-0.0448931397869003,-0.0515941583481023,-0.0586828958487544,-0.066194060327426,-0.0741296293213125,-0.0823497386568803,-0.0908276666324923,-0.0995960635731876,-0.108694761784925,-0.118145408622368,-0.128087710488174,-0.138460724665535,-0.14936919760369,-0.160828861079729,-0.172827446544837,-0.185486933064524,-0.198828507828779,-0.212827367516375,-0.227544662500577,-0.243010939403561,-0.259323145623434,-0.276556904044909,-0.294569156575882,-0.313257295915193,-0.33251663376933,-0.352340586933792,-0.372729171041968,-0.393556602083144,-0.414672055913847,-0.435964372821658,-0.457359529224881,-0.478737214304395,-0.499895294642741,-0.520587157589077,-0.540569342791343,-0.559604435379796,-0.577317475806481,-0.593230549784536,-0.607014393461853,-0.61852759269054,-0.627778699802136,-0.634776593606702,-0.639310515013605,-0.641054063906566,-0.639728687041199,-0.635067421076471,-0.626851408569948,-0.614871649469208,-0.599012823572608,-0.579348908242963,-0.556003029561012,-0.529084976585821,-0.498655796661382,-0.46480815704588,-0.427822791105697,-0.388225024166402,-0.346651768248023,-0.303734519878375,-0.260017882324135,-0.216054034739926,-0.172600354950092,-0.13069513926267,-0.0915119341099597,-0.0560334786539869,-0.024904538169622,0.0015564946451434,0.0232915762636878,0.0405160152139814,0.0535903581156134,0.0631643236174142,0.0698385960986485,0.0741701329237827,0.0768342979169176,0.0783258483811125,0.0790885735915907,0.0794550872238062,0.0795599296847342,0.0853438395393056,0
0,0,0.000507993464687218,0.00143406218672482,0.00265537609036315,0.00406558369829213,0.00558949585278867,0.00720060603803674,0.00893660714110922,0.0109042520598983,0.0131136988936866,0.0155305146242064,0.0180830075555249,0.0207928385327634,0.0236679382014415,0.0267352656152795,0.0300422150931539,0.0336012013295814,0.0374924311243703,0.0417017121016698,0.0462091167663843,0.0509278517700622,0.0558991379333733,0.0612358101331054,0.0670298470553234,0.0732921672728821,0.0800284132468718,0.0872622521424233,0.09503785317753,0.103401984557586,0.112329689690768,0.121755987509843,0.131633218818294,0.142005096549632,0.152883208578864,0.164304218986132,0.176233607601972,0.188719629669414,0.201807809828473,0.215471383584905,0.229756428383567,0.244601252596354,0.259895927777109,0.275587449901835,0.291587379365296,0.307742467965099,0.324030911018596,0.340527211096685,0.357370367386352,0.374736739825167,0.392649810113213,0.410975658884581,0.429501175974096,0.447990574392932,0.466237886097574,0.484015900462069,0.50099692958004,0.516770421492623,0.530887901324078,0.542931251012604,0.552493368403077,0.559128987757319,0.56235735480486,0.561730136888201,0.556867663879885,0.547459996627907,0.533247793233045,0.513999992205456,0.489580847383792,0.460053854410816,0.425764614989802,0.387355383232375,0.345665865032515,0.301619016026592,0.25618103498249,0.210385597738224,0.165439462743166,0.122601554700097,0.0830205879866384,0.04761941002144,0.0169582543355205,-0.00875249202589146,-0.029523833162699,-0.0456669419144475,-0.0577351898164835,-0.066454557623203,-0.0725875727819556,-0.0768348784865083,-0.0797097545525958,-0.0846441311402657,0
0,0,0.000926803375278951,0.00269069862355309,0.00502223691616521,0.00767576390403235,0.0105471478024235,0.0136143603087042,0.0169458849841888,0.020725616239897,0.0249533691638142,0.0295704827985865,0.0344459399495882,0.0396042816475131,0.0450745682280029,0.0508998940627023,0.0571374369546263,0.0637673008381583,0.070885714629064,0.0784833849006006,0.0865427551823998,0.0949660023244761,0.103844905821788,0.113307294791852,0.12349637086939,0.134423442891055,0.146099286027159,0.158589146102379,0.171949167775772,0.186231538069705,0.201418249204416,0.217436128750379,0.234266256984554,0.251961532116965,0.27049500055962,0.289879113676399,0.31006077592275,0.331116992649982,0.353064375921321,0.375841295342518,0.399454486695305,0.423782262025874,0.448669795745751,0.473996509385294,0.499542463114679,0.525078183827503,0.550558819855979,0.57599403926919,0.601466608281285,0.627059616674003,0.652689851508924,0.678164051564707,0.703198591691802,0.727438564145558,0.75054770822689,0.772106041100798,0.791595298946518,0.808428994985746,0.821994998659534,0.831782941661018,0.837287861568456,0.837981122024289,0.833296274468694,0.822738391619637,0.805893365471022,0.782484722852345,0.752332608408182,0.715327484992045,0.671518388924511,0.621193463716494,0.564975990693029,0.50384172028734,0.43901642094535,0.371858583161782,0.303767830599327,0.236191392821979,0.170728589687101,0.108998100578802,0.052451634367074,0.00222397278002973,-0.0410212603303535,-0.0771251932549006,-0.10618494973383,-0.128672011244618,-0.145416490822001,-0.157449719546022,-0.165858656533018,-0.171646249424654,-0.175535692432916,-0.190406568592252,0
0,0,0.000849844489120954,0.00245977137686637,0.0045872498264572,0.00701201923209283,0.00963564994472321,0.0124355363700523,0.0154743908628561,0.0189216305227333,0.0227787992656658,0.0269918110152751,0.0314406693695481,0.0361491843819124,0.0411427154346953,0.0464614197734718,0.0521606621874682,0.0582262359039589,0.0647510116692374,0.0717250657139274,0.0791306923884036,0.0868722821325036,0.0950322674785866,0.103734764823216,0.113113705605777,0.123180617960273,0.133945001723006,0.145464645971124,0.15779327483186,0.170981678524583,0.185010996568337,0.199809482077406,0.215352648948155,0.231692711357006,0.248808900703978,0.266718810570687,0.285371472941307,0.30483835852931,0.325143227209892,0.346229911825048,0.368112718028051,0.390681332066812,0.413789525647552,0.437329941850777,0.461108921628714,0.484909218947934,0.508688517289514,0.53246997186352,0.556345145725302,0.580415218838482,0.604617532894551,0.628769055348528,0.652601224732607,0.6757831384258,0.698003154457012,0.718879428595741,0.737929487044624,0.754599702155915,0.768307936140374,0.778559283988614,0.784867524357409,0.786719900166659,0.783566063644287,0.774919045175338,0.760369599226962,0.73963267879104,0.71251234604955,0.678875440178643,0.638735013110136,0.592335741872489,0.540247134890393,0.483381813149364,0.422894522267811,0.36006484787724,0.296215027296583,0.232718084846354,0.171102249190497,0.112920322630728,0.0595678113719345,0.0121390488654782,-0.0287208347525336,-0.062847654263237,-0.0903242493710223,-0.111594104192193,-0.127437903129618,-0.138830381225546,-0.146797933455588,-0.152286200249932,-0.155977505112531,-0.168473695409091,0
0,0,0.00100387439711014,0.00292196784529608,0.0054577359127137,0.00833930049368092,0.0114583487009341,0.0147944576534336,0.0184216862276898,0.0225372216574122,0.027138285890274,0.0321618343447696,0.0374663922651806,0.0430768108186541,0.0490266691247569,0.0553621550109469,0.0621416702243849,0.0693390015142157,0.0770523164815557,0.0852740485859087,0.0939873148106329,0.103094054023543,0.112695038665002,0.12291915176354,0.133918624175358,0.145705029861332,0.158290706526635,0.171748712515829,0.186136422791577,0.20150616683209,0.21784125254753,0.235067940871438,0.253174040157489,0.272211507722169,0.292146479354955,0.312985128650766,0.334673178670158,0.357292513607405,0.380851714933293,0.405284170528823,0.430586666321275,0.456626325912289,0.483240631569018,0.510295064381637,0.537543614084399,0.564745984411203,0.591853780164584,0.618861438729837,0.64584217135841,0.672859861831469,0.699810626268658,0.726491618661655,0.752604569710954,0.777772016462535,0.801635163987683,0.823737894525678,0.843528947771716,0.86039292286182,0.873692622750951,0.882906657746247,0.887515249681329,0.886977626198941,0.880715625566012,0.868229549544566,0.849103399090922,0.823070984625218,0.789968682317465,0.749709526390205,0.702375930821745,0.648295384327199,0.588139364942961,0.522939598207842,0.453984521301265,0.382702474205217,0.310561928785802,0.23907739367715,0.169913336967454,0.104751154152424,0.0450984520002891,-0.00786883074586342,-0.0534648116415894,-0.0915291026949774,-0.122169082566046,-0.145878611599571,-0.163533159395584,-0.176216773661423,-0.185074637574303,-0.191166179572434,-0.195256695525089,-0.212650362774014,0
0,0,0.00126995772085081,0.00372045566655643,0.00696161514519744,0.0106324961450532,0.0146075494547269,0.0188700578350769,0.023513945182053,0.0287844884935495,0.0346713722119745,0.041095761964872,0.0478791343076104,0.0550485568991164,0.0626518014236268,0.0707455025175037,0.0793927989856158,0.0885472280542885,0.0983164570763719,0.108696914556369,0.11967242866131,0.131141862972179,0.143237287663041,0.15609749481586,0.169905335640586,0.184671799411234,0.200415905023561,0.217236374544704,0.235196722793908,0.25435258120303,0.274689546955521,0.296131859393178,0.318690496744303,0.342411059294463,0.367240602169083,0.393161652093518,0.420120571116229,0.448216768907677,0.47742497784828,0.50766447883835,0.538898381042806,0.570954199848515,0.603639897177182,0.636769623092867,0.670001639915455,0.703063568847355,0.735899767367357,0.768449444677174,0.800757021550567,0.832818255881747,0.864457145303319,0.895436897132441,0.925399768581343,0.953883249857427,0.980441684686653,1.00448722788428,1.02535102444054,1.04231223778099,1.05464712655358,1.06179003470073,1.06316681251116,1.05818921020798,1.04623763295402,1.02679353456355,0.999437890935837,0.963943048988895,0.920207465104752,0.86822805437069,0.808210662523578,0.740630143969199,0.666338887257893,0.586574569632916,0.502849075879709,0.416834788535041,0.330236809629227,0.244801127638269,0.162418846719163,0.0849905607633161,0.0142200607358802,-0.0485763727109259,-0.102627903505081,-0.147763852226944,-0.184123764134199,-0.212276169783408,-0.233248604779845,-0.248312229559716,-0.25881820282828,-0.266028395210029,-0.27086359777438,-0.29860355804017,0
0,0,0.000495200499589288,0.00139567965246101,0.0025831426294225,0.0039558457015012,0.00543881124076506,0.00700494663249174,0.00869111404989908,0.0106022394997538,0.0127491628129626,0.015098080380298,0.0175788640504457,0.0202133108104192,0.0230083580530192,0.0259904026126065,0.0292067474074997,0.0326710900496252,0.0364638132494903,0.0405701030690011,0.0449696886963906,0.0495753467941284,0.0544268438778914,0.0596378495716579,0.0652988483930983,0.0714204683281068,0.0780082287271995,0.0850843078970414,0.0926929659204205,0.100881439603626,0.109624262722768,0.118856473346817,0.128529161135269,0.138685932213022,0.149340103951737,0.160529304169046,0.172219678672548,0.184458882571086,0.197293117243341,0.210696603845314,0.224717393252362,0.239295635833678,0.254322211540511,0.269746085967647,0.285482249308068,0.301379642807717,0.317418031036084,0.333674060535131,0.350289125491713,0.367442632940339,0.385161088930005,0.403312446472896,0.421684982514691,0.440045391464864,0.458190713658922,0.475898008655207,0.492844212656649,0.508622734165641,0.522788420412397,0.534924819189499,0.544626133415363,0.551448111739134,0.554910938602177,0.554566557144781,0.550035655445356,0.541007291112663,0.527219986311081,0.508439677420455,0.484526443530655,0.455539030538787,0.421817438241234,0.383996990761275,0.342908815376916,0.299465636674967,0.25462298650092,0.209403935258109,0.165005155562284,0.122675670782542,0.0835551943059443,0.0485601807268097,0.018246343244428,-0.00717584804932869,-0.0277155071843254,-0.0436805234224664,-0.0556167651851069,-0.0642424573222797,-0.0703113159924129,-0.0745156045177851,-0.0773625043443076,-0.0821174718038407,0
0,0,-0.00166324844006382,-0.00507805007397266,-0.00961003265849314,-0.0146483429151232,-0.0201071765581169,-0.0260264335668126,-0.032518306163734,-0.0398829739476518,-0.0480726115366537,-0.0570066920769037,-0.066443807544406,-0.0763612316779216,-0.0868497264520656,-0.0979641702252891,-0.109728569369565,-0.121964136397473,-0.134663997365926,-0.147864020105089,-0.16161045413849,-0.175892021871618,-0.190895876891069,-0.206598736875641,-0.22316388973443,-0.240629880522128,-0.258977642561739,-0.278359598221485,-0.298835903639727,-0.320397622995031,-0.34311302907642,-0.367011164788558,-0.392177148692326,-0.418727777101488,-0.446531523222518,-0.475435815343616,-0.505315895828289,-0.536121172873955,-0.56789021346701,-0.600500623532724,-0.633741693600491,-0.667480727563969,-0.701582180394979,-0.735880371039002,-0.770116331019658,-0.803959630171477,-0.837013532586482,-0.868939733889988,-0.899349587061195,-0.927627344097658,-0.953363338552379,-0.976359426944143,-0.996534243049538,-1.01387816981534,-1.02811713313217,-1.03874047323234,-1.04533042961071,-1.04741901125516,-1.04455333196586,-1.03628579317903,-1.02218740201845,-1.00214748273652,-0.976132403817104,-0.944114189965816,-0.9059707409981,-0.861624285414564,-0.811191739480236,-0.755189499881013,-0.694362571350325,-0.629503114930159,-0.561395064257283,-0.490908474518562,-0.419309925273453,-0.348380309483474,-0.280208113697995,-0.216694732843479,-0.159303745667799,-0.109029488422507,-0.0664200919815272,-0.0315234755013023,-0.00400712811764947,0.0170058495704808,0.0324089424781704,0.0431211233635622,0.0502822766970894,0.0548317840536185,0.0576265449801667,0.0593395953676463,0.060302169044121,0.0642667211468364,0
0,0,0.000682300970439087,0.00195705030968085,0.00364032930295366,0.00556731435941771,0.00765170544779892,0.00986946845221581,0.0122708829961624,0.0149940714634695,0.0180444344706707,0.0213776980005669,0.0248977927523697,0.0286271547745187,0.0325829666167436,0.036798983074199,0.0413265340314624,0.0461640627059836,0.0513974620414714,0.0570152362251122,0.0629990124139468,0.0692581095752729,0.0758546490499796,0.0829055928875206,0.0905243939766578,0.0987227238563761,0.107507858004745,0.116921146339607,0.127011176773173,0.137826033938261,0.149344431544534,0.161498000216795,0.17425081977067,0.187651795749716,0.201694893990492,0.216407576591429,0.231745666937336,0.247768809638707,0.264513331359836,0.281936645445874,0.300068523007262,0.318822825163629,0.338071735857731,0.357735350232105,0.377674088510425,0.397700437393041,0.417779862819629,0.437962201155671,0.458360309754511,0.479113072690751,0.50020125521209,0.521465044752262,0.542665468532547,0.563521060868169,0.583772950226361,0.603118896419687,0.621153759039956,0.637395321750276,0.651328042226552,0.662493385648204,0.670445706713551,0.674706658413172,0.674761438480132,0.670141906162485,0.660452356908181,0.645392957170486,0.624735042550569,0.598295815623842,0.566012501277726,0.52803765958366,0.48482673995953,0.437156213836815,0.386024543177371,0.332535912676704,0.277838896522226,0.223140877564219,0.169812572362304,0.119262457644027,0.072764504544665,0.0313275355225642,-0.00444438720629137,-0.0343661303585776,-0.0584874111368094,-0.0771871202787651,-0.0911352860220376,-0.101183390493844,-0.10822695427575,-0.113089360120767,-0.116367804123215,-0.124546711522683,0
0,0,-0.00157088250720605,-0.00480111382015025,-0.00908816297728521,-0.013849783611608,-0.0190106079849031,-0.0246125049548169,-0.0307612030915827,-0.0377368777088591,-0.0454908559018534,-0.0539475773320355,-0.0628802735010439,-0.0722658691422922,-0.0821929286591825,-0.0927133663275299,-0.103846668653759,-0.115419415279213,-0.127419073598986,-0.139882330050938,-0.152855186165539,-0.166334817191434,-0.180501767331002,-0.195321626326908,-0.210947329074571,-0.227413686802812,-0.244703029565706,-0.262964471436895,-0.282250146036766,-0.302545886704785,-0.323918943926451,-0.346398793566557,-0.370075279615463,-0.395058961763418,-0.421212147341301,-0.448390540178927,-0.476470514856402,-0.505411572187391,-0.535244815096512,-0.565844482654057,-0.597011293556029,-0.628611844750559,-0.660520308670087,-0.692580384498257,-0.724541247573107,-0.75608346684372,-0.786839520670554,-0.816488418119022,-0.844641171698697,-0.870703254497911,-0.894275569973715,-0.915167996895619,-0.933312929583821,-0.948705527688219,-0.961082211320786,-0.969960918890933,-0.974951248561538,-0.975618378679812,-0.971550984794078,-0.962348048176793,-0.947638135120798,-0.927354920034404,-0.90149838296378,-0.870070673878232,-0.832988122008544,-0.790209496326213,-0.741888651181455,-0.688552253466142,-0.6309301411398,-0.569788570155708,-0.505869045725561,-0.439985269089178,-0.373311685498322,-0.307490676236668,-0.244436951891174,-0.185874688495488,-0.133111633273018,-0.0870157918377714,-0.0480481009852269,-0.0162111906181366,0.0088258129684391,0.0278930591004638,0.0418249179273431,0.0514710718189377,0.0578883042166609,0.0619355570117222,0.0643978675988848,0.0658898596084327,0.0667113049842811,0.0713191221375382,0
0,0,0.000653322898287456,0.0018701032385664,0.00347664350828225,0.00531822179031849,0.00730965380715887,0.0094260023697359,0.0117155538524365,0.0143117912687742,0.0172213184474685,0.0204014005438538,0.0237597439115511,0.0273188646373157,0.0310940202501726,0.0351177599790375,0.0394410302870227,0.0440648950054907,0.0490749963020676,0.0544588721298069,0.0601976402491218,0.0662003379113827,0.0725257336375194,0.0792914173442369,0.0866073922145389,0.0944849637167877,0.102931041037849,0.111983827780996,0.121691720419861,0.132103232441409,0.143196228675997,0.154902551883765,0.167183752700872,0.180088525429113,0.193614172406505,0.207790206365232,0.222573691185289,0.238022629679975,0.254175289824403,0.270991379632193,0.288504507424953,0.306632647761184,0.325250396994043,0.344282552035935,0.363598085053987,0.383014419767534,0.402499539533594,0.422108230925247,0.441957972510096,0.462194478476803,0.482805761437319,0.503635975195579,0.524450183511689,0.544973881089064,0.564955837315736,0.584105431505094,0.602029148133212,0.618254928016867,0.632276268234392,0.643638976796964,0.65190201415129,0.656590712322426,0.65719396320182,0.653245197545971,0.644350010637922,0.630205907947925,0.61057897273281,0.585278855611577,0.554231780779418,0.517577443934954,0.475755702901537,0.429524182537861,0.379859011982134,0.327838607782198,0.274585391378324,0.221281204661807,0.169272410955458,0.119944188498806,0.0745498887828404,0.0340836396815263,-0.000859842884707973,-0.0300935315385402,-0.0536631881358289,-0.0719388539049675,-0.0855729229217417,-0.0953978854028605,-0.102288238526711,-0.107047406645322,-0.110258233641602,-0.117839675650941,0
0,0,0.000730558221317068,0.00210184535445634,0.0039130373036933,0.00598319019171356,0.00822280197975189,0.0106084428419528,0.0131939177498026,0.0161261331698732,0.0194092262816383,0.0229961543970951,0.0267840602085165,0.0307956683464639,0.0350506653073523,0.0395846768471486,0.0444501194920051,0.0496416502440127,0.0552468825369843,0.0612549800015429,0.0676479026474652,0.0743338425761237,0.0813807201656687,0.0889069666256788,0.0970319388375884,0.105767406241668,0.115121225410945,0.125139579815915,0.135872335441775,0.147368085167429,0.159606413955728,0.172518055060074,0.186070454792485,0.200313556098955,0.21523674482345,0.23086468548702,0.247151009317349,0.264158627741253,0.281920624920048,0.300390335164153,0.319592869544728,0.339435217539723,0.35978448784558,0.380553011048583,0.401586197491937,0.422687692554859,0.443820152329806,0.46502593048929,0.48641126024269,0.508104269113502,0.530073444602337,0.552152184372019,0.574093612776309,0.595602762038766,0.616406015899173,0.636179171805921,0.65449535478939,0.670852390543629,0.684716119312696,0.695617711738961,0.703100521187395,0.706676907324379,0.705822458327248,0.700063874340842,0.689001529088628,0.672339437573925,0.649858001728475,0.62138825310565,0.586888408715438,0.546536471146254,0.500819314493981,0.450551231808234,0.396774620080265,0.340643343392586,0.283355511867356,0.226165820605033,0.170489878178898,0.117777389353165,0.0693371437108112,0.0262023034651264,-0.0110106242065768,-0.0421229437345261,-0.067193686079122,-0.0866200969794022,-0.101103971798423,-0.111531674479821,-0.118835881160194,-0.123874608631795,-0.12726908968601,-0.136561605767611,0
0,0,0.000708882965682278,0.00203680877737966,0.00379047297995783,0.00579573177840231,0.00796536583973406,0.0102762396024261,0.012780448405163,0.0156202882911778,0.0187999965599523,0.022273899421922,0.025942503805183,0.0298281459737311,0.0339498303355015,0.0383424276817621,0.0430575765121617,0.0480912747044471,0.0535295508589329,0.0593618707089831,0.0655703624252268,0.0720647430228638,0.0789101822931002,0.0862228896733512,0.0941194649302162,0.102611944074859,0.11170796552485,0.121451787456081,0.131892087484019,0.143076474653959,0.154984469409129,0.167547572169212,0.180732270919471,0.194587526673089,0.209104203457095,0.224307792025179,0.240153068632083,0.256701145128744,0.273986471129184,0.291964396753123,0.310660995287598,0.329986369980695,0.349810552139779,0.370049256388832,0.390555025816276,0.411135946904281,0.431755151500241,0.452457769521644,0.473352405057625,0.494571578314108,0.516089362719185,0.537742394155529,0.559287997991092,0.580438376880267,0.600927824155548,0.620443498151431,0.638569780756058,0.654815428000518,0.668656938859542,0.679632207511219,0.687291613894985,0.691153705362083,0.690700585353966,0.685462925848597,0.675044058936223,0.65914678297591,0.637547288232895,0.610069646695564,0.576661028076359,0.53748552979981,0.493012550712436,0.444035366758911,0.391572322601846,0.336750561118023,0.280741978534493,0.224776840492879,0.170247740161386,0.118584277701828,0.071079311147173,0.0287552251895704,-0.00777507591342896,-0.0383276686771694,-0.0629555681929475,-0.0820453450641594,-0.096282889362115,-0.106536825198262,-0.113721801745697,-0.118679476749335,-0.122020324541708,-0.130770233108848,0
0,0,-0.000629618038082924,-0.00197849008507589,-0.00377205542771364,-0.00573946757991806,-0.00787451450110055,-0.0102132275208326,-0.0127983415722746,-0.0157345615924527,-0.0189880956587629,-0.0225312072036026,-0.0262724474299425,-0.0301929871356847,-0.0343393048486718,-0.0387276627366759,-0.0433444544486932,-0.0480876793802878,-0.0529185319523506,-0.0578629865998153,-0.0629533298403899,-0.0682304628259587,-0.0737849946375064,-0.0795416720891282,-0.0855512573051271,-0.0918151840684871,-0.0983255781565759,-0.105166569190722,-0.112335744431746,-0.119802875080154,-0.127619519252008,-0.135822203320707,-0.144502026988121,-0.153695470618516,-0.163282367699217,-0.173189733185005,-0.183349030009367,-0.193762536015342,-0.204403465460331,-0.215173679701813,-0.225959755997394,-0.236691011052002,-0.247347798697987,-0.257848244203387,-0.268052870931868,-0.277820552650098,-0.287012689996999,-0.295455066181404,-0.302816338591597,-0.308725315983139,-0.312935833590245,-0.315376003947691,-0.31612415959323,-0.315214151059052,-0.312518447384136,-0.30787323615678,-0.301136113286432,-0.292228707809727,-0.281127175976721,-0.267813318493822,-0.252382463813419,-0.235016946739123,-0.215946757533388,-0.195384722291081,-0.173510157732821,-0.150522096087599,-0.126761290769082,-0.102704166855801,-0.0788731771145024,-0.0557339217917701,-0.0336089107701696,-0.0127422671585435,0.00656103141217557,0.0238591930046397,0.0386702911320498,0.050675635033528,0.0598343099915439,0.066333394175075,0.0704906309136675,0.0727273976521303,0.0734476908505286,0.0731459975394984,0.0722152181130156,0.0709349202690674,0.0696040724055393,0.0683558069913488,0.0672854041236093,0.0664353988630069,0.0657628219841087,0.0692216573922764,0
0,0,0.000418041202387087,0.00116418281804798,0.00214703480670764,0.00328996587253272,0.00452439820807982,0.00582314843854803,0.00721733469890751,0.00879683225730687,0.0105737290293888,0.012518740922534,0.0145731034466046,0.0167578868129397,0.0190767259782589,0.0215531710842995,0.0242321866721582,0.0271330895391415,0.0303323550709749,0.0338150171583038,0.0375605555451202,0.0414854644974767,0.0456200743276867,0.0500736470805592,0.0549268348762482,0.060190342354538,0.0658692920120458,0.0719784727215398,0.0785590784546812,0.0856564325382578,0.0932438124952597,0.101258519062867,0.109647918995073,0.118451520820393,0.127689820353183,0.137403066534205,0.147562981394564,0.158211841334065,0.169398131018653,0.181104317128778,0.193382991462855,0.206184677201669,0.219409412722278,0.233017288245726,0.246944561786023,0.261057939308785,0.275342901274612,0.289884333446679,0.304835376614335,0.320390106285558,0.336592959286094,0.353324525323671,0.370384269491908,0.387559376776139,0.40467277876931,0.421535114883895,0.437859893226616,0.453275798384638,0.467371777933494,0.479755857275833,0.490042937511149,0.497807347051733,0.502588373064413,0.503951243159335,0.501527435300744,0.495005266721861,0.484110934494396,0.468588654955369,0.448264878645347,0.423155676408484,0.39354777952525,0.36001017362905,0.323294547611809,0.28422298926084,0.243659632584055,0.20254215595331,0.161987437646047,0.123174532178211,0.0871874031098514,0.0549060309010798,0.0268722620330095,0.00331253682620058,-0.0157573547801491,-0.0306095970796036,-0.0417340666366073,-0.049789441355685,-0.055468636849298,-0.0594093982511339,-0.0620835094252215,-0.0657730920702875,0
0,0,-0.00259839324284528,-0.00788139159685031,-0.0148894241448509,-0.0227019986996737,-0.0311647318653385,-0.0403226562730659,-0.0503469408095611,-0.0617103083520227,-0.0743542835055528,-0.0881540689768663,-0.10273592077758,-0.11806466068974,-0.134270760670006,-0.151444873323456,-0.169646132820574,-0.188632434952432,-0.208407677546013,-0.229023042572791,-0.250539640748237,-0.272910207767296,-0.29637822179339,-0.320980533565212,-0.34694811747228,-0.374388275212247,-0.403271569188313,-0.433775758241794,-0.466041432380273,-0.500075820900413,-0.535950066505798,-0.573719055892923,-0.613431428788346,-0.655245744712801,-0.699123835472193,-0.744771915131572,-0.792083058988418,-0.84086364932255,-0.891202878482034,-0.943065040564129,-0.996111088783884,-1.05018024259603,-1.1050602113519,-1.16051480496458,-1.21621364360129,-1.27173966502257,-1.32648358601766,-1.37988016657778,-1.43142802033393,-1.4804118561993,-1.52619874670674,-1.56848281336138,-1.60710714846712,-1.64194582363068,-1.67274497593583,-1.69888189775413,-1.71961285981901,-1.73431355688388,-1.74220988548571,-1.7424907553121,-1.73434064864966,-1.71710227752502,-1.69053231948685,-1.65438326860054,-1.60831392346752,-1.55190447697031,-1.48493346193621,-1.40765770683753,-1.3208558445675,-1.22546916191195,-1.12250593837791,-1.01315093046286,-0.899245639540467,-0.783587136587286,-0.669707188478071,-0.561201889281818,-0.46104644571534,-0.371532594624966,-0.294197793981382,-0.229690671502809,-0.177850900267217,-0.137520162839024,-0.107307624757397,-0.0857249238443387,-0.0708822626640426,-0.0611041269525856,-0.0548504774532148,-0.0508594034943712,-0.0484493476638761,-0.0480754623317381,0
0,0,-0.000818352476347428,-0.00254452742571942,-0.00483787835526428,-0.00736342936315282,-0.0101043125603013,-0.0130999717357945,-0.016405612863128,-0.0201586966016372,-0.0243203339468536,-0.0288533567073124,-0.0336403479064451,-0.0386611701328832,-0.0439725397751616,-0.0495982759617206,-0.0555301121571006,-0.0616501594485328,-0.0679225021077983,-0.0743770635999539,-0.0810497272477733,-0.0879764631783075,-0.0952680562355397,-0.102850620599895,-0.110796203005208,-0.119111850038891,-0.127788212288834,-0.136926004653823,-0.146530300767729,-0.156570803461435,-0.167103586684647,-0.17816285441674,-0.18984487662518,-0.202200991110907,-0.215097924401078,-0.228451306380727,-0.242176989043777,-0.256276418587426,-0.270731666904119,-0.285431724186473,-0.300247902332373,-0.315090409522554,-0.329919450308644,-0.344637725992115,-0.35907895756899,-0.373058552649084,-0.38639937160076,-0.398903595585253,-0.410217122393703,-0.419928268854534,-0.427756241302433,-0.43359899780323,-0.437509840475727,-0.439510736055325,-0.439438839570698,-0.437070721865354,-0.432208086582506,-0.424699644746852,-0.414449075146379,-0.40136731310217,-0.385480657798055,-0.366934472245333,-0.345922769015303,-0.322622495340227,-0.297174224482958,-0.269742059475917,-0.240653958735308,-0.210410213546723,-0.179578873721837,-0.148690809872434,-0.118153195120811,-0.0883285125215139,-0.0596925362404903,-0.0329080274741784,-0.00871068299997546,0.0123372946449365,0.0299731934418332,0.044196016452716,0.0551789774594056,0.0632614308945421,0.068823222061539,0.0724106318816666,0.0744900022136505,0.0754419344321775,0.0757083980024333,0.0755598772631458,0.0752269400013716,0.0748661292751223,0.0745062617471177,0.0792756298011312,0
0,0,0.000226027718554178,0.00058811998050956,0.00106197792373663,0.00163440555332528,0.00225096264529512,0.00288306240857139,0.00354789773236419,0.0042993034349017,0.00515338386207631,0.00609172132704572,0.00708319169523008,0.00814777182214499,0.00927998396380758,0.010496119977816,0.0118357493201984,0.0133330308976909,0.0150565722565972,0.0169897588650443,0.019110576742456,0.0213429980055935,0.0236942681211616,0.0262662984421596,0.0291153482695847,0.0322513326803602,0.0356788026315655,0.0393936659428675,0.043430599547527,0.0478318307820302,0.0525665020570969,0.0575770341393351,0.0628012661371073,0.0682678364460543,0.0740168070234475,0.0800947773294212,0.0864888360811449,0.0932292267045511,0.100367302283338,0.107906785873858,0.115912748187057,0.124360752228299,0.133172370163479,0.142334256589365,0.151830711576999,0.161574541419284,0.171570305266329,0.181921663234135,0.192814393689247,0.204477827651047,0.216998393161688,0.230289777474695,0.244175777601995,0.258488690721222,0.273113644802905,0.287936547690833,0.3027577519793,0.317290054823701,0.331202698404468,0.344166780162809,0.355844220302487,0.365852298230777,0.373773169009908,0.379204836773212,0.381805837437128,0.381267569062757,0.377289044217591,0.369563989150876,0.357841862182937,0.342040036907264,0.32232255184033,0.299102600171466,0.272940748968225,0.244437960696089,0.214232043786922,0.18304892109488,0.15180829405368,0.121516120733176,0.0931182359073688,0.0674057661751846,0.0448860269418958,0.0258240191349586,0.0102950390020311,-0.0018807275645969,-0.0110555550991478,-0.0177439715741912,-0.02249121786069,-0.0258034443249784,-0.0280671887167472,-0.0300290056992765,0
0,0,0.000844449132905822,0.00244358188004767,0.00455667500267865,0.00696477614121704,0.00957076222987041,0.0123525942768836,0.0153724456703159,0.0187980042789633,0.0226304330045579,0.0268160997208504,0.0312361188161603,0.0359139761412024,0.0408752481959098,0.0461599758572646,0.0518230790844427,0.0578503627189448,0.0643335996264511,0.0712634675653163,0.0786225927073758,0.0863166215898659,0.0944271496698903,0.1030763729825,0.112397466241198,0.122402298659566,0.133100346111249,0.144549122170865,0.156801502859921,0.169907393231533,0.183848219699257,0.19855275335965,0.213996701856679,0.230231616297132,0.24723655618137,0.265029012462293,0.283558376724386,0.302895360407341,0.323064117738461,0.344008995767069,0.36574361390057,0.388158559609266,0.41110884446239,0.434487876258196,0.458104290708285,0.481742159717342,0.505358517143634,0.528976811805862,0.55268857347663,0.576595802329081,0.600637348013819,0.624631154687791,0.648310405518828,0.671347053528692,0.693432580835449,0.714189366909537,0.733139082089053,0.749732600401956,0.763392397432511,0.773626965484524,0.779953620400477,0.781862889111764,0.778807925219795,0.770304046221497,0.755943629179995,0.735441573514848,0.708600633697372,0.675285166276254,0.6355039339618,0.589495889099965,0.537823174178115,0.481389684836813,0.421340576587284,0.358945169159455,0.295516017302603,0.232417497844594,0.17116977500514,0.113319304550259,0.0602573225706351,0.0130754828453519,-0.0275802811757018,-0.0615428072987214,-0.0888919374425967,-0.110066524104525,-0.125841955560773,-0.137186762610256,-0.145121631885786,-0.150587336548384,-0.154263415016374,-0.166559797424526,0
0,0,0.000123509318740389,0.000280567224642425,0.000482753579110096,0.000751160062531397,0.00103810532123561,0.00131373498542331,0.00158798182840059,0.00189606370989637,0.00225662144035965,0.00265685864647125,0.00308012616987696,0.00354615966993066,0.00404422973368668,0.00458667032974347,0.00521033404778137,0.00595767885558729,0.00689396845750423,0.00800115372769028,0.00925603117755713,0.0105858044620462,0.01198557257608,0.0135549303245313,0.0153371923252621,0.0173413682182399,0.0195719269485011,0.02201450381488,0.0247007224346873,0.0276719102386807,0.0308945783134718,0.0343136645386153,0.0378618689570231,0.0415615979115316,0.0454639922740796,0.0496190075217768,0.0540226569410365,0.0586994993942866,0.0637009955277108,0.0690423785564391,0.0747958337308319,0.0809499454520832,0.0874372391119138,0.0942578598677315,0.101419249530309,0.108859687947685,0.116596398947905,0.1247422920937,0.133502000278924,0.143122954234627,0.153712575580911,0.165203161725799,0.177430110001438,0.19024685075334,0.203570574248928,0.217323146040144,0.231349153751893,0.245404817458322,0.259200212201748,0.272441766000924,0.284814688955507,0.295957903879327,0.305474361266405,0.312979697807492,0.318147112665415,0.320672458742663,0.320242220813626,0.316525011512155,0.309232534427721,0.298233027888827,0.283629720699423,0.265756999785125,0.245076298990867,0.222072191515082,0.197261486968316,0.171256704622465,0.144872321794892,0.11902194491141,0.0945777383389839,0.0722842963515262,0.052630749888408,0.0359027177192104,0.0222071388290033,0.0114130979612668,0.00324287116720257,-0.0027426384800151,-0.00701179838053179,-0.0100025257771819,-0.0120572384953732,-0.0135466466218475,0
0,0,-0.00260289829929761,-0.00789489543593191,-0.0149146590278129,-0.0227389329364023,-0.0312153423020654,-0.0403905623427292,-0.0504357628675827,-0.0618226684063714,-0.0744913900668536,-0.0883171794043633,-0.10292659508497,-0.118283647118936,-0.134520119315162,-0.151727239790389,-0.169963634579673,-0.188986094575341,-0.208796141228724,-0.229446120589259,-0.250998031029901,-0.273407113884467,-0.296917862611082,-0.321563840261504,-0.347574584775209,-0.375058467368333,-0.403986339853802,-0.434536659963655,-0.466850006299417,-0.500931523219592,-0.536851623056293,-0.574666282976949,-0.614425296392312,-0.656288098547506,-0.700215653511279,-0.74591197828471,-0.793269259701802,-0.842093717181356,-0.892474002986901,-0.944374016786867,-0.997455747560885,-1.05155499905314,-1.1064581030048,-1.16193051555849,-1.21764161020887,-1.27317333819978,-1.32791780490204,-1.38130834392629,-1.43284081065721,-1.48179828390516,-1.52754503333753,-1.56977326191334,-1.60832543791174,-1.64307521743991,-1.67376961824311,-1.6997873903196,-1.72038626508206,-1.73494391484326,-1.74268779986218,-1.7428091711952,-1.73449654644202,-1.71709722418954,-1.69037290968478,-1.65408105609303,-1.6078860129571,-1.55137362635044,-1.48432680599981,-1.40700595023198,-1.32019150403413,-1.22482474529424,-1.12191160832556,-1.0126313644995,-0.898816908119557,-0.783254344729457,-0.669463934376068,-0.561031493624753,-0.460925218471886,-0.371432822578328,-0.29409355998952,-0.229560065959575,-0.177679728775445,-0.137302289689984,-0.107042375313881,-0.0854171008791127,-0.0705382894742854,-0.0607327106097557,-0.0544602167809529,-0.0504576258493046,-0.0480408225867137,-0.047645626054404,0
0,0,0.000158237393037552,0.000384749452951638,0.000678711327083192,0.00104807640444449,0.00144577337452745,0.00184433008882934,0.00225571952210402,0.00271918532221704,0.00325088877686497,0.00383654287907831,0.0044556950158352,0.00512725702282779,0.00584378889686832,0.00661929179531739,0.0074905642291867,0.00849607026476917,0.00969933128138933,0.0110847845076592,0.0126306447232665,0.0142665684382166,0.0159915465216685,0.0179005611573686,0.0200407530203179,0.0224225121285926,0.0250504503989077,0.0279146537617763,0.0310458765892179,0.0344829468230401,0.0381942466130454,0.0421249530788472,0.0462117282491263,0.0504774704496356,0.0549677309634475,0.0597294599987563,0.06475635687557,0.0700739650690139,0.0757326938856053,0.0817455813717842,0.0881783583463829,0.0950142861768768,0.10218477043486,0.109685309852217,0.117515643731814,0.125608273878015,0.133974056861007,0.142720185429368,0.152043445355261,0.162182902731629,0.173238712783316,0.185137224761505,0.197711341817268,0.210810462302092,0.224345093457913,0.23822971613113,0.252298750059524,0.266299478794124,0.279935839315527,0.292910010044764,0.304906720493946,0.315564561946175,0.324486916848429,0.331290481551036,0.335648611700478,0.3372588663903,0.335812678702922,0.33098541108842,0.322497141399452,0.310225107252919,0.294282177315495,0.275015370148182,0.252903654364275,0.228454376711696,0.202209625848766,0.174808153856802,0.147089249764207,0.119992051415352,0.0944130229641615,0.0711138870720731,0.050597626632765,0.0331518032135563,0.0188798166461339,0.00764312486582241,-0.000855275123740284,-0.00707308188364664,-0.0115004760633042,-0.0145962180413477,-0.016718351589077,-0.0183242635216345,0
