"","V1","V2","V3","V4","V5","V6","V7","V8","V9","V10","V11","V12","V13","V14","V15","V16","V17","V18","V19","V20","V21","V22","V23","V24","V25","V26","V27","V28","V29","V30","V31","V32","V33","V34","V35","V36","V37","V38","V39","V40","V41","V42","V43","V44","V45","V46","V47","V48","V49","V50","V51","V52","V53","V54","V55","V56","V57","V58","V59","V60","V61","V62","V63","V64","V65","V66","V67","V68","V69","V70","V71","V72","V73","V74","V75","V76","V77","V78","V79","V80","V81","V82","V83","V84","V85","V86","V87","V88","V89","V90"
"1",0.0100468107350662,0.0100469658392487,0.0100482964602768,0.0100503837796269,0.0100527318246573,0.0100549336337165,0.0100567965949816,0.010058408461466,0.0100600904756372,0.0100621936636692,0.0100648545641748,0.0100679417921588,0.0100712421449541,0.0100746533086042,0.0100781972339985,0.0100819634830022,0.0100861383184848,0.0100910004090267,0.0100967148975935,0.0101031325330024,0.0101099620038527,0.0101172279715145,0.0101254500658758,0.0101352358931155,0.0101467281094403,0.010159535064618,0.0101731522077128,0.010187390966055,0.0102024728405663,0.0102187792251481,0.0102365234145523,0.0102557209666016,0.0102764405983912,0.0102988687865946,0.010323071614038,0.0103489233890034,0.0103764759960618,0.0104064396286815,0.0104401997457242,0.0104791144039524,0.0105236585407112,0.0105734389014386,0.010628128980764,0.0106880469366538,0.0107536229829278,0.0108247258189596,0.0109010334408296,0.0109830813852069,0.011072570615086,0.0111713194923939,0.011279966128421,0.011398145086004,0.0115262825361503,0.01166684055885,0.0118229790961703,0.0119958413231166,0.0121836976642034,0.0123835802767645,0.0125926754538994,0.0128078753175488,0.0130251312406451,0.0132401025915338,0.0134489064147667,0.0136473416926634,0.0138291290410531,0.0139849269068817,0.0141030882788545,0.0141717213340933,0.0141805871790192,0.014122018076071,0.0139919193758975,0.0137913157038776,0.0135264272484276,0.0132066926499993,0.0128439259183798,0.0124539436866966,0.0120568775724549,0.0116735925781132,0.0113211483562779,0.011010835250165,0.0107485638878649,0.0105357642909767,0.0103701267483278,0.0102464351110885,0.0101576338116674,0.0100960412091535,0.0100544857745362,0.0100270113181811,0.0100090385389196,0.01
"2",0.0100570772384347,0.0100567130640378,0.0100556272517387,0.0100545525397294,0.010053555149428,0.01005227386352,0.0100504119972913,0.0100481994218519,0.0100464241005223,0.0100458801883216,0.0100467604242964,0.0100486625374939,0.0100511143770409,0.0100539888383768,0.010057554711987,0.0100622895192558,0.0100685170080709,0.0100760768442151,0.0100843880963684,0.0100928681304079,0.0101013317279952,0.0101101647929109,0.0101202583864906,0.0101327286121225,0.0101484554160385,0.01016757344701,0.0101893786696581,0.0102129687392195,0.0102379601354701,0.0102644262613692,0.0102923958906257,0.0103217664611954,0.0103525635264651,0.0103851173066753,0.0104203596937436,0.0104599915029203,0.010505428992097,0.0105560965574325,0.0106094882296498,0.0106633103392888,0.010716969703073,0.0107707855059478,0.0108246681064782,0.0108783380332349,0.0109322886561704,0.0109876610954776,0.0110455170091713,0.0111070671032877,0.0111745863421446,0.0112517388850792,0.0113430631726128,0.0114530495428544,0.0115848932335785,0.0117391196309505,0.0119131554500957,0.0121025931092567,0.0123030297362885,0.0125109301365577,0.012723283235292,0.012936428327656,0.013145105103471,0.0133436045468392,0.0135286957764955,0.0137003935353507,0.0138576744833611,0.0139925580465057,0.0140897231304442,0.0141329819202875,0.0141107840902914,0.0140147075965794,0.0138367653504114,0.0135744997865467,0.013239789656262,0.0128583612844421,0.0124585846646514,0.012062123327148,0.0116837843116774,0.0113352081853465,0.0110260659698045,0.0107628942964666,0.0105481157287885,0.0103801584950377,0.0102543187819309,0.0101639155530279,0.0101014713577287,0.0100597745917244,0.0100326716339892,0.0100154055774505,0.0100045358311826,0.01
"3",0.0100778854328275,0.0100796340161264,0.0100822995893178,0.0100854814388322,0.0100885442504408,0.0100910463289952,0.01009311738386,0.0100953587895084,0.0100982530046024,0.0101017555205963,0.0101056166484236,0.010110006524808,0.0101156244997478,0.0101231757543333,0.010132847734724,0.0101442960558735,0.0101570569295759,0.0101709908189503,0.0101864022552174,0.010203800219524,0.0102236883300564,0.0102466682181057,0.0102735303273137,0.010304948162304,0.0103410424081789,0.0103812323496704,0.0104242824666083,0.0104685847813793,0.0105131332809921,0.0105586933414259,0.0106075713686685,0.0106615875055036,0.0107201639884625,0.0107807688873114,0.0108414506694321,0.0109024224389951,0.0109646764526457,0.0110279175108174,0.0110912786000016,0.0111559127635482,0.0112253398353218,0.01130255846887,0.0113873407620068,0.0114763715229911,0.0115655023207367,0.0116524636899211,0.0117390422889069,0.0118314068892769,0.0119371293869551,0.0120599570038103,0.0121969414357691,0.0123411974955059,0.0124872002397705,0.0126331336608738,0.0127793723770419,0.0129258988850694,0.0130706998051971,0.0132097768313901,0.0133380799584893,0.01344909403539,0.013533200024098,0.0135788902244664,0.0135774342314942,0.0135251308379178,0.013420405972096,0.0132614043496285,0.0130486718575643,0.0127891847606642,0.0124968507525519,0.0121899252679997,0.0118867220306945,0.0116002409317088,0.011335445695776,0.0110925868603523,0.010872893797337,0.010679949975412,0.0105165657662958,0.0103825393619334,0.0102755261512676,0.0101925540164105,0.010130420040576,0.0100855988107084,0.0100544168825643,0.0100334184628472,0.0100196610223463,0.0100108503037676,0.0100053154833786,0.0100018849035569,0.01,0.01
"4",0.0100984604470156,0.0101093245340179,0.010119229659973,0.0101286600633885,0.0101388069442602,0.0101512370318279,0.0101670331988558,0.010185937121489,0.0102064321984267,0.010226876977285,0.0102464202204603,0.0102648205911201,0.0102819739134318,0.0102981761079276,0.0103146238637759,0.0103329662756615,0.0103540696147501,0.0103774229887708,0.0104017462155838,0.0104258058568071,0.0104487956577558,0.0104709284270708,0.0104942632827211,0.0105222376700226,0.0105573328627324,0.0105990876352515,0.010644909063238,0.0106928281112124,0.010742986988773,0.0107966214330418,0.0108544593131651,0.0109161920218638,0.0109805637165271,0.0110456439698763,0.0111099881746605,0.0111745783608244,0.0112435686011952,0.0113220790995227,0.0114120405759174,0.0115094457126631,0.0116055496706988,0.0116911705947736,0.0117607945392831,0.0118144783765605,0.0118580685402829,0.0119013381495302,0.011952845651449,0.0120149415793255,0.0120845665316014,0.0121586128434783,0.0122368418702888,0.0123194267467821,0.0124035595862501,0.0124842792089776,0.0125582519222891,0.0126252122353903,0.012685948999253,0.012740089938186,0.0127850820867492,0.0128159646230915,0.0128267823819801,0.0128133891144145,0.0127748003971636,0.012711645336941,0.0126238482806553,0.0125104852940416,0.0123719550012903,0.0122111282249087,0.0120316015398176,0.0118365977297713,0.0116310219072962,0.0114223652567157,0.0112172825144267,0.0110188432087737,0.0108292156901873,0.0106536179498331,0.010499338544151,0.0103712857687763,0.0102696997159619,0.0101915207989918,0.0101327240801838,0.0100895499386044,0.0100587178837747,0.0100373555264055,0.0100229787926536,0.0100135376611857,0.010007458971433,0.0100036213969071,0.0100012631191582,0.01
"5",0.0100590922361317,0.0100568135098635,0.0100554311196869,0.0100546589289524,0.0100543149938164,0.0100543424740572,0.0100547968943557,0.0100557368090392,0.0100570456404524,0.0100584275798716,0.0100597044262565,0.0100610836139394,0.0100630368445182,0.010065950485112,0.0100699582311553,0.0100750469498472,0.0100811858624018,0.0100882648428718,0.0100959674555472,0.0101039133153637,0.0101120732761328,0.0101209909978332,0.0101314748266834,0.0101440049966632,0.010158400905554,0.0101740575000975,0.0101905759604864,0.0102082512497013,0.0102279371972868,0.0102503615663181,0.0102755451470898,0.0103028886869802,0.0103317649267186,0.0103619846955823,0.0103938099960793,0.0104276831806503,0.0104639314789395,0.0105027050121,0.0105442994503317,0.0105893495255452,0.0106383670704544,0.0106914113595001,0.0107487271049507,0.0108113389355826,0.0108804223751622,0.0109563232452711,0.0110386482514943,0.0111271212064684,0.0112219902732101,0.0113237745990374,0.0114329037205494,0.011549436712487,0.0116728945347912,0.0118025051217627,0.0119379697949841,0.0120802423314836,0.0122313602318732,0.0123929923367274,0.0125649187386689,0.0127448117242027,0.0129289275783939,0.0131124839254645,0.0132897302239801,0.013454650396366,0.0136018738062,0.013725725987411,0.0138175140933578,0.0138653315976071,0.013859008660389,0.0137953312599588,0.0136770256802528,0.0135073171177879,0.0132874274906496,0.0130194268760629,0.0127105010223014,0.0123743970498758,0.0120288352812501,0.011690926641922,0.0113740209537113,0.0110872973934159,0.0108366034348423,0.0106249643098981,0.0104526632322751,0.0103174128621334,0.0102148541551107,0.0101393711475042,0.0100850753413952,0.0100465943855052,0.0100194261512444,0.01
"6",0.0100404130926368,0.0100396924791621,0.0100406166992303,0.0100425094866359,0.0100444588006048,0.0100456497900371,0.0100457521679623,0.0100451167608892,0.0100445612668074,0.0100448602581898,0.0100463328395978,0.0100487769211826,0.0100517153509632,0.0100547488699073,0.0100577676228542,0.0100608731934933,0.0100641123571,0.0100673868041952,0.01007077322128,0.0100748788922297,0.0100806590800198,0.0100888140984193,0.0100993947010452,0.0101118944933939,0.0101256589659379,0.0101402798112969,0.0101556015838146,0.0101714037021381,0.0101874054169353,0.0102037950829957,0.0102215446064108,0.0102419477235644,0.0102657259350993,0.010292503605905,0.0103213554447948,0.0103521298961102,0.0103859476152126,0.0104240455783079,0.0104665318631123,0.0105127577720205,0.0105623768146462,0.0106151074060031,0.0106697749429329,0.0107249482461954,0.0107807910285894,0.0108392264702613,0.0109019363450944,0.0109689729877869,0.01103996528879,0.011116705498042,0.0112038694944427,0.0113062639432641,0.0114253023224431,0.0115585870965739,0.0117026595068449,0.011855821644068,0.0120191816882121,0.0121966801247733,0.0123944806264069,0.0126182242061358,0.0128684926303718,0.0131383980321704,0.0134152068416225,0.0136828232989561,0.0139230571018442,0.0141187335402255,0.014259498723373,0.0143434664676337,0.0143701521365345,0.0143322828145567,0.0142168597980439,0.0140145800072093,0.0137280209611696,0.0133724142441597,0.0129705390821234,0.0125464965714917,0.0121219314223923,0.0117153103708046,0.0113422137386898,0.0110147093389044,0.0107400753874901,0.0105201743419249,0.0103520016656264,0.0102290330335787,0.0101428295255489,0.0100845918309542,0.0100464242013234,0.0100220013854059,0.0100066185191885,0.01
"7",0.010070517238525,0.0100711735749514,0.010072224471434,0.0100736172398449,0.0100753052256174,0.0100772352240618,0.01007940692059,0.0100819317960018,0.0100849929333178,0.0100887372036356,0.0100931995248822,0.0100982546657779,0.0101035984601809,0.0101088535207348,0.0101137741180526,0.0101183668977401,0.010122887838978,0.0101278480043925,0.010133951992054,0.0101417554433601,0.0101513040195131,0.0101623245284371,0.0101747835359258,0.0101888818965899,0.0102043615817228,0.0102203199770748,0.0102362488128531,0.0102531292909133,0.0102729353255565,0.010296872321977,0.0103244452624985,0.010354289340076,0.0103854277050219,0.0104177892752851,0.0104524163255013,0.0104915521315503,0.0105377259750467,0.0105919570297248,0.0106529619833771,0.0107184473296878,0.0107869947620567,0.0108585899723714,0.0109338912138436,0.0110133879642872,0.0110968580888691,0.0111832370257307,0.0112711542993526,0.0113600048527025,0.0114511098964769,0.0115480610204874,0.0116551550649883,0.0117748975037566,0.0119075881104511,0.0120535151701357,0.0122140573178156,0.0123890920584831,0.0125740594368415,0.0127616580010159,0.0129461338906143,0.0131234274131305,0.0132875614659211,0.0134297849396145,0.0135407077612914,0.0136118032977512,0.0136381528766312,0.013622410833,0.0135730290561134,0.0134958854038198,0.0133888422238041,0.0132455107766812,0.0130633931081339,0.012847200352127,0.0126046775773756,0.0123418881855142,0.0120644353363784,0.0117811308505614,0.0115035116361966,0.0112420045896627,0.0110036398816611,0.0107924513470746,0.0106104913869352,0.0104582469186088,0.0103347072875738,0.0102374955684041,0.0101631646552992,0.0101076638720545,0.0100669195167298,0.0100372983693693,0.0100157894607603,0.01
"8",0.010057173434331,0.0100557373544673,0.0100557377534343,0.0100568262076949,0.0100584343894926,0.0100599665847264,0.010061068886271,0.0100617912516743,0.0100625073318946,0.0100636925539378,0.0100657466537917,0.010068827140945,0.0100726987841925,0.0100769570135481,0.0100816867112876,0.0100877460203604,0.0100961148759198,0.0101070879596316,0.0101202328720872,0.0101348180351703,0.0101500566893927,0.0101652674858609,0.0101802909213121,0.010195961606185,0.0102141247985242,0.0102370071802848,0.0102662368659366,0.0103019328537073,0.0103422611110475,0.0103840693857391,0.0104248317905996,0.0104646205721332,0.0105061626105545,0.0105527506937533,0.0106059433447772,0.010665068867755,0.0107284703953173,0.0107946599059172,0.0108624747265763,0.0109312261240679,0.0110013569932953,0.0110744755432632,0.0111519545499125,0.0112332045367047,0.0113156250503406,0.0113965904671732,0.0114755850849654,0.0115550966767178,0.0116403890067888,0.0117377519589645,0.0118512566627443,0.0119805737029768,0.0121218270748777,0.0122699632873119,0.0124208393469556,0.0125731267311483,0.0127291492797499,0.0128924987945431,0.0130631342462819,0.0132345115491395,0.0133960526211867,0.0135380305819058,0.0136528972427635,0.0137324356948791,0.0137658107268577,0.0137415693057549,0.0136521658659428,0.0134983248769019,0.0132902375663824,0.0130434282157468,0.0127718189755443,0.0124838906860331,0.0121839175270997,0.0118753934174394,0.0115645828186734,0.0112628585986321,0.0109849703449299,0.0107434356476599,0.0105441499699429,0.0103865333521107,0.010266279188764,0.0101776721593102,0.0101146986051581,0.0100715518092527,0.0100429928546423,0.0100246436784321,0.0100131408467489,0.0100060845306132,0.0100018387197018,0.01
"9",0.0100386288265441,0.0100385592891036,0.0100387133425804,0.0100392183141686,0.0100401135155299,0.0100413271573713,0.010042693270056,0.0100440668676282,0.010045471615528,0.0100470918738729,0.0100491004160689,0.0100515488519419,0.0100544223197785,0.0100577283214968,0.0100615311334919,0.0100659740073242,0.0100712835199202,0.0100776888230099,0.0100853083701183,0.0100941475437207,0.0101042251507209,0.0101157165278326,0.0101290165288611,0.0101446519346747,0.010163008235704,0.0101840313961138,0.0102072398872518,0.0102321220188881,0.0102585161768667,0.0102866171384625,0.0103167125076016,0.0103488736076465,0.0103827460848337,0.0104177195757879,0.0104535662358481,0.0104909894745749,0.0105314255140223,0.010576198537131,0.0106257469965943,0.0106794465313462,0.0107360019899846,0.0107940513487333,0.0108526085287676,0.0109112849323495,0.0109705364731169,0.0110319216797403,0.0110980090662473,0.011171815952388,0.0112561450260378,0.0113533597693066,0.0114654666215643,0.0115935574698609,0.0117368041005038,0.0118928864502756,0.0120600872305523,0.012238305960606,0.0124274552170897,0.0126254003983549,0.0128276770763001,0.0130284010015494,0.0132212759740839,0.0134010774480805,0.0135653627957585,0.0137140420622167,0.0138451591326783,0.0139493229975267,0.0140083939281351,0.0140023866115653,0.0139214511389558,0.0137717620987559,0.0135673477191314,0.0133169228030899,0.0130218309936683,0.0126852566338417,0.0123195789534978,0.0119450021033642,0.0115829905618348,0.0112505275609069,0.0109582173621995,0.0107112166909925,0.0105105791172066,0.0103540887081914,0.0102369842885782,0.0101528819296436,0.0100947801825503,0.0100559756630781,0.0100307503473441,0.0100146700032031,0.0100045148698467,0.01
"10",0.0100433520710273,0.0100472310828635,0.0100500638122864,0.0100511109308986,0.0100503982983436,0.010048882490338,0.0100479254053665,0.0100484588653025,0.0100505741377578,0.0100538041158907,0.0100576073561123,0.0100616538632713,0.0100659114268472,0.0100705288804222,0.0100755655113307,0.0100808736814548,0.0100864192264124,0.0100927463826373,0.0101008002059777,0.0101110523719216,0.0101230501586731,0.0101360261303292,0.0101497909932343,0.0101650552859189,0.010183156439357,0.0102054216085294,0.0102323979823873,0.010263438148836,0.0102970041243179,0.0103314676110966,0.0103659054169583,0.0104004263645888,0.0104357430198936,0.0104723301252013,0.0105100551869995,0.0105487709438109,0.0105893044748447,0.0106336087486718,0.0106836325960287,0.0107401731429566,0.0108030786257139,0.0108722691529715,0.0109480610964076,0.0110304198226027,0.0111180657054311,0.0112085880117106,0.01130008598522,0.011393464878768,0.0114933558821182,0.0116059620679982,0.0117344027443128,0.0118758533821218,0.0120248455375088,0.0121794714842004,0.0123418799907762,0.0125119995903117,0.0126833659175951,0.0128468091844759,0.0129968877419256,0.0131330320780124,0.0132553571060654,0.0133619231254974,0.0134502965461044,0.0135191451464729,0.0135669295881424,0.0135904139241403,0.0135854991298315,0.0135482368564023,0.0134733793251541,0.0133529779145583,0.0131796204574903,0.0129524992075748,0.012679370852948,0.0123729956743806,0.012047777052055,0.0117195473768193,0.011404978852882,0.0111181949836396,0.0108675855894889,0.0106558841370758,0.0104823335071452,0.0103443988910824,0.0102383991800969,0.0101597492801052,0.0101033189050323,0.0100639729596691,0.0100371319802679,0.0100190950085317,0.0100070459775809,0.01
"11",0.0100358664059045,0.0100356161900795,0.0100362599814158,0.0100373508693731,0.0100384697038251,0.0100394316240597,0.0100403100440175,0.0100412611553895,0.0100423638334133,0.0100436800004841,0.0100454100818282,0.010047889341383,0.0100514161399296,0.0100560802433402,0.0100617140626415,0.0100680141289405,0.0100748004461393,0.0100822203680973,0.0100906547358126,0.0101003879635857,0.0101114332796164,0.0101237009253978,0.0101372071727783,0.0101520166985474,0.0101680733520997,0.0101852429753674,0.0102035355184663,0.0102231633688984,0.0102442761986422,0.0102666671861338,0.0102898603633055,0.0103135067261229,0.0103376119239518,0.0103624584260397,0.0103885330332053,0.0104165379069924,0.0104472056898324,0.0104809064521857,0.0105174619817489,0.010556348908871,0.0105969886039735,0.0106390168442802,0.0106827515447051,0.0107296034208019,0.0107817858333193,0.0108414537484905,0.0109101795638958,0.0109889304738937,0.0110777971263672,0.0111756930796936,0.0112813016277529,0.0113949608232148,0.0115192442849233,0.0116573030554717,0.011810755639896,0.0119792351858937,0.0121616624741641,0.0123574890613081,0.0125663613667661,0.0127865439407862,0.013013750418193,0.0132413270803181,0.0134613063876226,0.0136653727502553,0.013845191922522,0.0139922091857707,0.0140973516514461,0.0141509540961255,0.0141434864190713,0.0140676737897001,0.0139208642699774,0.0137055257601893,0.0134284426341298,0.0131009332205133,0.0127391127382781,0.0123614639551444,0.0119850932323401,0.011624210716195,0.0112907046173755,0.010994249924362,0.0107413353905004,0.0105344406145923,0.0103721385536563,0.0102499321568194,0.010161393033345,0.0100993679115247,0.0100570802612155,0.0100288307015161,0.0100101867027918,0.01
"12",0.0101180273207948,0.0101251410118089,0.0101299925361873,0.0101327703434765,0.0101340613552881,0.0101348741457987,0.0101365230507189,0.0101402834582691,0.0101465787212702,0.0101542692277553,0.0101611447827337,0.0101654479425002,0.0101670538262545,0.0101674993391663,0.0101689966846171,0.010173125363418,0.0101802790563159,0.0101903181190815,0.0102034621643859,0.0102203003579918,0.0102412616507037,0.0102665144879183,0.0102961202209806,0.0103297544900212,0.0103665038286401,0.0104055939468196,0.0104472185281143,0.0104921696003634,0.0105410783506851,0.010594429324057,0.0106521165375186,0.0107118325455528,0.0107693117676002,0.0108224232224116,0.0108743923106265,0.0109306618404289,0.0109932688461472,0.0110605038510979,0.011130068356115,0.0111990189830745,0.0112624615716228,0.0113167905890595,0.011364218111464,0.0114113435766585,0.0114636578645779,0.0115232179375481,0.0115898422435228,0.0116616570712908,0.0117356797858487,0.0118114553946928,0.0118946331522414,0.0119936060562748,0.0121103199410351,0.0122362814781532,0.0123599058746847,0.0124763924800943,0.0125881240679831,0.0126969824508071,0.0128002691463271,0.0128944642313812,0.012978408773251,0.0130501861968524,0.013103968822855,0.0131330822278239,0.013135048358634,0.0131111794089162,0.0130609450418463,0.0129784808153362,0.0128559223866027,0.0126896333316871,0.0124828658284868,0.0122439698171898,0.0119835758881509,0.011712949502617,0.0114432324376351,0.011184779549568,0.0109464038247113,0.0107347097094699,0.0105536890582045,0.0104046629208925,0.0102865663714799,0.0101964896328544,0.0101303452475758,0.0100835375602078,0.0100515384148521,0.0100303161277598,0.0100165879511091,0.0100078697051417,0.010002374226709,0.01
"13",0.0100759568503823,0.0100718592003037,0.0100687525322265,0.010066871065502,0.0100660995472441,0.010066151890073,0.0100668757200381,0.0100683552396233,0.0100706936684648,0.0100737418174572,0.010077066401214,0.0100802028691034,0.0100831043327342,0.0100864491529949,0.0100913674234013,0.0100987193039392,0.0101085686047322,0.0101202251699197,0.0101327342921914,0.010145373889432,0.0101577195038439,0.0101694674931394,0.0101806161703394,0.0101919067191619,0.0102048584170568,0.010221280586549,0.0102426538421661,0.0102695555762998,0.0103010918622586,0.0103346668624442,0.0103670466364758,0.0103969143056685,0.0104265629044854,0.010460053882525,0.0104993711225184,0.0105429457106067,0.0105876808110705,0.01063145313994,0.0106737840506704,0.0107154410199912,0.010758291896071,0.0108048140879155,0.0108560604762279,0.01090963825207,0.0109613511622742,0.0110103312042045,0.0110617601121164,0.011123209849068,0.0111988807593251,0.0112884153557365,0.0113900491008659,0.0115028319500382,0.0116263202113465,0.0117603632422139,0.0119057277485001,0.0120635409577952,0.0122329606001214,0.0124099120904178,0.0125898562308535,0.0127720236493309,0.0129591892217644,0.0131529981237906,0.0133501613863273,0.0135409940700317,0.0137093888706405,0.0138369215272932,0.0139110190743915,0.0139291389829709,0.0138937212000324,0.0138042610082698,0.0136557532019849,0.0134439319718787,0.0131705700618438,0.0128449036968079,0.0124828522943678,0.0121052317965696,0.0117339063188794,0.0113870912532308,0.0110770039694468,0.0108104057840452,0.0105899246124435,0.0104148157166418,0.0102814473301545,0.0101840299325231,0.0101156155948735,0.0100691687552783,0.0100384705144594,0.0100185900043805,0.010005893625188,0.01
"14",0.0100476797338827,0.0100504542512919,0.0100525973247733,0.010054204393875,0.010055416995833,0.0100564001965965,0.0100573187829559,0.0100583131713921,0.0100595042863281,0.0100610469570252,0.0100631715063207,0.0100661299932251,0.010070077520263,0.0100750184532967,0.0100808773341878,0.0100876187505961,0.0100953078385931,0.0101040660088483,0.0101139699639477,0.0101250135537448,0.0101371972846285,0.0101506459884675,0.0101656105391644,0.0101823742926099,0.0102012086119826,0.0102223866591154,0.0102461043529911,0.0102723007661011,0.0103005678101883,0.0103302269239276,0.0103604871108762,0.0103906786325982,0.0104205631148358,0.0104504103471467,0.0104805376790787,0.0105107860811142,0.0105407980290334,0.0105709241797638,0.0106025354385724,0.0106371709818774,0.0106753989937179,0.0107165843371582,0.010759668554784,0.0108039927745667,0.0108495271081316,0.0108969223439824,0.0109477445114731,0.0110043768473405,0.0110691996044593,0.0111437033428396,0.0112283831558934,0.0113233274353396,0.0114287783811519,0.0115451880711271,0.0116729392950221,0.0118123961589389,0.0119645504097832,0.0121313951336636,0.0123149048451959,0.0125147416559646,0.0127262897597122,0.0129409710144697,0.0131492204397524,0.0133438508671162,0.0135208393655096,0.0136770653494752,0.0138072452034782,0.013902484454472,0.0139512328786584,0.0139419425939371,0.0138661401718129,0.0137207010977651,0.0135087275021072,0.0132390646796525,0.0129246766894892,0.0125805479669239,0.0122221480237666,0.0118646385172752,0.0115221458122765,0.0112068005175154,0.0109277924905709,0.0106907044397816,0.0104972842922302,0.0103457243451909,0.0102313969948499,0.0101479655900825,0.0100886712115226,0.0100473362950432,0.0100188065009205,0.01
"15",0.0100468798072966,0.0100465408226606,0.0100466780823709,0.0100472192880883,0.0100481696827491,0.0100495497815196,0.0100513312519756,0.0100534589204449,0.0100559446601144,0.0100589202723668,0.0100625888108391,0.0100670974414481,0.0100723696432448,0.0100780288046123,0.0100836164643733,0.0100890282358656,0.0100946909294073,0.0101011962810165,0.0101087978998318,0.0101173327922416,0.0101265262265647,0.0101362776370273,0.0101467564991608,0.0101583356971956,0.0101714023796563,0.0101861787732285,0.0102027426647039,0.0102212201353394,0.0102418131988309,0.0102644973385662,0.0102888740664189,0.0103146475780148,0.0103421337594664,0.0103719015617501,0.0104040232623529,0.0104381924788788,0.0104746171550453,0.0105143393773317,0.0105584948411681,0.0106075618791608,0.0106616079478619,0.0107209881880117,0.0107862001644427,0.0108571076917755,0.0109331576199524,0.0110146684357283,0.0111030913133104,0.0111994775903249,0.0113034027003419,0.0114140907166017,0.0115320519290366,0.0116588310827306,0.0117955687391989,0.0119427635462089,0.0121011971194071,0.0122718276946576,0.0124543330619065,0.0126462257098723,0.0128431394329531,0.0130392159406826,0.013227573458142,0.0134016125349481,0.0135563529950491,0.0136881393688717,0.0137929648852386,0.0138652279877948,0.0138974285714899,0.01388072883636,0.0138078992902816,0.0136776628915975,0.013494667580654,0.013264276780852,0.0129902246843146,0.0126785761185473,0.0123413036162871,0.0119946663204193,0.0116551464677366,0.011336650654789,0.0110495042586976,0.0108003065458151,0.0105920587120351,0.0104244920343577,0.010294660528967,0.010197739103748,0.0101278794637729,0.0100790430017925,0.0100457304068643,0.0100234113250406,0.0100085884718502,0.01
"16",0.0100568858888325,0.0100576187849461,0.010059395025459,0.0100620516358639,0.0100651478089068,0.0100680944130189,0.0100703880654415,0.0100718486036143,0.0100726727352722,0.0100732212455722,0.0100737309130723,0.0100742058128422,0.0100745818316624,0.0100750332160545,0.0100760819667106,0.0100783441732631,0.010082249156217,0.0100880391755871,0.010095827218605,0.0101055255618755,0.0101168830922812,0.0101296728280447,0.0101437080991285,0.0101587298065377,0.0101745795891747,0.010191529717636,0.0102101023913547,0.0102303707131346,0.0102516628455399,0.010273277030285,0.0102956049327188,0.0103203353672024,0.0103491568898337,0.0103821623212631,0.0104176511101411,0.0104534770770534,0.0104888711266041,0.0105255401001823,0.0105667602604055,0.0106143312611243,0.0106659630522274,0.0107162672900144,0.0107611696393812,0.0108019516244629,0.0108452876421445,0.0108992047929455,0.0109683656413426,0.0110525345033058,0.011149214968045,0.0112574931540622,0.0113791744424115,0.0115167190415387,0.0116707706457714,0.0118397601096291,0.0120217945117131,0.0122165407470753,0.0124242085165786,0.0126425267538628,0.0128660246061542,0.0130883865214518,0.0133035481529268,0.0135039848064555,0.013681009285223,0.0138294018507341,0.0139494112936701,0.0140400198277742,0.0140904462354646,0.014081991083613,0.0140000332474748,0.0138429574348942,0.0136192787104947,0.0133398557714448,0.0130158067057764,0.0126613033661269,0.0122940231489289,0.0119316414341858,0.0115882910091877,0.0112737611162924,0.0109945481951889,0.0107546905258151,0.0105557722108414,0.0103967779730799,0.0102743668228667,0.0101835338492405,0.0101184126529159,0.0100730789190502,0.0100422400462077,0.01002161153136,0.0100079377406013,0.01
"17",0.0100230311588784,0.0100225170531769,0.0100235220675768,0.0100257806561459,0.010028625673138,0.0100312988921261,0.0100333635011025,0.0100349410633726,0.0100365372203069,0.0100385797265212,0.0100411387260946,0.0100440817807656,0.0100473648778217,0.0100510110534796,0.0100548291966363,0.0100583916620723,0.0100614731034154,0.0100644382815223,0.0100680354176479,0.0100727995939809,0.0100787514614823,0.0100856955877511,0.0100937180853188,0.0101033103036821,0.0101150313806547,0.0101290934149312,0.010145258924188,0.0101630846120561,0.0101821605044354,0.0102021564122586,0.0102230032561297,0.0102452088673018,0.0102696044085192,0.010296513247802,0.0103253794521013,0.0103552368962203,0.0103854015501165,0.0104159897479333,0.010448189769567,0.0104841398892585,0.0105265019659628,0.0105779178591501,0.0106400383242872,0.0107120230143088,0.0107899453563728,0.0108689798287507,0.0109474649436742,0.0110286687950536,0.011117731904057,0.0112174306419476,0.0113283482009453,0.0114524574068882,0.0115937614825352,0.0117540130118663,0.0119285877269016,0.0121076007118797,0.0122813966567394,0.0124450344641544,0.0125987050249501,0.0127465735545154,0.0128963118627199,0.0130566944366072,0.0132311601533815,0.0134122706981016,0.013584335039839,0.0137323665651116,0.013846581424717,0.0139184654242065,0.0139376794219659,0.0138959443888542,0.0137912374606623,0.0136271252195908,0.0134113426683103,0.0131554698595277,0.0128721647183741,0.0125709698955133,0.0122580356679713,0.0119398309692255,0.0116256773462814,0.0113266380793983,0.0110528364399737,0.0108115990284825,0.0106068710134663,0.0104393412155343,0.0103068604278962,0.0102051460538576,0.0101288134484286,0.010072380045101,0.0100308575569283,0.01
"18",0.0100756682824985,0.0100745780631411,0.0100732645948821,0.01007201080616,0.0100708690651255,0.010069928715704,0.0100694153271302,0.0100695379658462,0.0100703257894943,0.010071787913244,0.0100742314111702,0.0100781588468036,0.0100837607384573,0.0100907508745009,0.0100988028884357,0.0101079085327241,0.010118141892604,0.0101292862547766,0.0101410860457297,0.010153960066878,0.0101690545773647,0.0101872036953262,0.0102080778118893,0.0102308304192225,0.0102554945623317,0.0102832827114392,0.010315397662684,0.0103517773012212,0.0103912238640477,0.0104328252623314,0.0104769574266786,0.0105244280358391,0.0105747344923276,0.0106258884607011,0.0106764618340822,0.0107276217894862,0.0107824657887598,0.0108427198893199,0.0109064134445001,0.0109698671137996,0.0110320730241334,0.0110961774779917,0.011166529846391,0.0112450629800206,0.0113306622167903,0.0114212170289686,0.011515751400189,0.0116152912381629,0.0117226840059238,0.0118414057481414,0.0119741537269893,0.0121228386949343,0.0122887597671949,0.012470157583482,0.012659554987181,0.0128467668324282,0.0130261903545258,0.0131987957180131,0.0133646769071578,0.0135150894470564,0.0136342711298843,0.0137087247365796,0.0137333773995087,0.0137100793415103,0.0136431279605606,0.0135360744953131,0.0133888074764605,0.0131967977180383,0.0129583031533416,0.0126838505672733,0.012392835536044,0.0120994943565153,0.0118078119718103,0.0115199748374983,0.0112434691044412,0.0109888571443994,0.0107645474843607,0.0105746824804464,0.0104197475325288,0.010297706183404,0.0102048900068395,0.0101367327916131,0.0100884133039478,0.0100553420471938,0.0100334566683683,0.0100193826916644,0.0100105123304481,0.0100049806858822,0.0100015438010398,0.01
"19",0.0100380107601686,0.0100427056081771,0.01004680876669,0.0100504929276667,0.0100537851149042,0.010056648251754,0.0100591517212871,0.0100616570820408,0.0100647822719507,0.0100689949736912,0.0100742434806234,0.0100802167504152,0.0100870057261564,0.0100952891907461,0.0101058060326344,0.0101188274128039,0.0101342953318876,0.0101524692659881,0.0101742763557257,0.0102008218124374,0.0102325905109685,0.0102693761255297,0.0103109337487688,0.010357260240185,0.0104081678129237,0.0104631115064616,0.0105216122023304,0.0105834034957936,0.0106480168337572,0.0107143850718415,0.010780685903859,0.0108446219419072,0.0109044673348623,0.0109600726536173,0.0110125537964787,0.0110631441518676,0.0111129137894121,0.0111635907191218,0.0112177097239974,0.0112769910159696,0.0113406805323472,0.0114061027871669,0.0114704789166508,0.0115316666917122,0.0115885128354651,0.0116425249186961,0.0116989666872586,0.0117644643989024,0.011842562310192,0.011931833355295,0.0120284363688234,0.0121297388618074,0.0122348633973258,0.0123429000654756,0.0124525283892606,0.012563367273683,0.0126757363869484,0.0127882894408227,0.0128971194967895,0.0129973581470283,0.0130838560388874,0.013150132780715,0.0131891885124254,0.0131965466128342,0.0131707365087673,0.013109614668739,0.013007594537053,0.0128588635121042,0.0126650866388649,0.012439118666805,0.0121981382163025,0.0119528017085087,0.0117051112611284,0.0114555396357322,0.0112092877799658,0.0109760367873272,0.0107656272372942,0.0105843092194817,0.0104339557697347,0.0103133808325942,0.0102197871759938,0.0101495569572952,0.010098669355472,0.0100630531988914,0.0100389150465237,0.0100229992847939,0.0100127335785555,0.0100062202381044,0.0100021149401369,0.01
"20",0.0100602473626019,0.0100558597767921,0.0100525754056148,0.0100508036025587,0.0100506501413256,0.0100518535906643,0.0100538740419604,0.0100561959007487,0.0100585708328721,0.0100609332715887,0.0100632592620191,0.0100656797405633,0.0100686018872931,0.0100725046548913,0.0100774999413758,0.0100831088961083,0.010088687681296,0.0100942076209397,0.0101003875067334,0.0101079119754418,0.010116738701985,0.0101262952308113,0.0101362602728835,0.0101471850582192,0.0101603671399008,0.0101768202208679,0.0101961363418445,0.0102165732264917,0.010236457486558,0.0102554116828187,0.0102744561373852,0.0102955066467949,0.0103206834744661,0.0103512131112839,0.0103864955868387,0.0104246492091474,0.0104643806118287,0.010506157634705,0.0105514692523364,0.0106013951238386,0.0106563858728304,0.0107173294483557,0.0107859598194355,0.0108632597946042,0.0109475788365723,0.0110355344891534,0.0111256326714017,0.0112204532126415,0.0113241604100115,0.0114382681422097,0.0115617057694326,0.0116952594631944,0.0118435540030959,0.0120105916640494,0.0121935562119405,0.0123826331658182,0.0125683976538018,0.0127499464635746,0.0129350983835409,0.0131302855034897,0.0133282387892743,0.0135074889121954,0.0136481313674222,0.0137487455768617,0.013824514173913,0.0138867140358014,0.0139258519268404,0.0139168166179284,0.0138387289831836,0.0136875072196185,0.0134720503931333,0.0132041940256663,0.0128946688803342,0.0125558181826226,0.0122036786395888,0.0118553297070888,0.0115248768807762,0.0112221584123464,0.0109536668270266,0.0107233325318476,0.0105325583741016,0.010380199727606,0.0102629289140219,0.0101758948707381,0.0101134737817846,0.0100700115355573,0.0100404605234824,0.0100207286269174,0.0100076990200734,0.01
"21",0.0100680615992734,0.0100589356509669,0.0100492394208978,0.0100405941744947,0.0100344641928326,0.0100312969481681,0.0100302720941411,0.0100302432797399,0.0100309359334551,0.0100326605013613,0.0100349104655317,0.0100361200915672,0.0100351656106231,0.0100326718722808,0.010030574244645,0.0100308174680159,0.0100348369255545,0.0100435387900377,0.0100565106001961,0.0100713836537885,0.0100853050347544,0.0100972102646975,0.010107763244139,0.010117495795127,0.0101264420928968,0.0101356801914293,0.010147810426721,0.0101647603925152,0.0101850366090695,0.0102036450299572,0.0102155357219624,0.0102202522766114,0.010223996979178,0.010236594512206,0.0102643221257209,0.0103040178886262,0.0103455879939463,0.0103826513757758,0.0104194062761615,0.0104645067402963,0.0105205843452291,0.0105842774382217,0.0106549302249877,0.0107366726362891,0.010829990969177,0.0109260040734386,0.0110136412951449,0.0110941808115786,0.0111870263298006,0.0113148339279597,0.011479433764099,0.0116565826662736,0.0118176094471183,0.0119554474065074,0.0120893009354153,0.0122432320413482,0.0124208138873797,0.0126049673319125,0.0127825437994307,0.0129608331477587,0.0131552609283715,0.0133676341858227,0.0135826098234384,0.0137803209546836,0.013945981299147,0.0140698633584131,0.0141440936841113,0.0141614017209533,0.0141157817123541,0.0140036387494552,0.0138247353119587,0.0135827927939813,0.0132856946007588,0.0129452208309352,0.0125762683317015,0.0121955905794567,0.0118202021464551,0.0114656896278967,0.0111447173871431,0.0108659886365407,0.010633818857718,0.0104483372798041,0.0103062053806166,0.0102016572763284,0.010127654797092,0.0100770072745266,0.0100432857562734,0.0100212990652439,0.0100071174800219,0.01
"22",0.0100480087732468,0.0100481730086962,0.0100479004870668,0.010047223403258,0.010046139153283,0.0100447054492854,0.0100432162982951,0.0100422142233648,0.0100422118914399,0.0100434036010527,0.0100457122485483,0.0100490139882477,0.0100531451871372,0.0100577263335195,0.0100621772337165,0.0100660463598379,0.0100694137870311,0.0100730160032871,0.0100778428028843,0.0100844138711764,0.0100924860145669,0.0101016248403132,0.0101119652268851,0.0101241957283783,0.0101388634387059,0.0101558376239394,0.0101742957354428,0.0101931363744743,0.0102117504565271,0.0102305888830204,0.0102506563846858,0.0102723938281145,0.0102954984240382,0.0103198760642019,0.0103463477689683,0.0103763123574052,0.0104107688575658,0.0104495455910365,0.0104916308465374,0.0105364785064121,0.0105846555942034,0.0106370329656853,0.0106939972132813,0.0107559570776106,0.0108240640011213,0.0108995467042771,0.0109825430827498,0.0110727050309342,0.011171120539694,0.011280748640202,0.0114048573373182,0.011545666869043,0.0117038029171913,0.0118768232926535,0.0120578886363625,0.0122389348747176,0.0124169515052215,0.0125949415976643,0.0127756670715257,0.0129567618375704,0.0131328399436325,0.0133007611346966,0.0134615017425668,0.0136160480047378,0.0137593981199202,0.0138791247840765,0.0139585914970699,0.0139808166802065,0.013933732268041,0.0138176461385502,0.0136475536027175,0.0134434965776898,0.013215265731796,0.012956793392682,0.0126574955669943,0.0123190025198519,0.0119596249081805,0.0116046052371235,0.0112748996475342,0.0109832454310921,0.01073559277179,0.010533252911217,0.0103741696247782,0.0102537731508024,0.0101658761110951,0.0101036832928173,0.0100607641326367,0.0100316795393464,0.0100121460783595,0.01
"23",0.0100396179322805,0.010039668650818,0.010039478359283,0.0100393030536953,0.0100393637178973,0.0100397972201597,0.0100406907053197,0.0100420641106754,0.0100437714430671,0.0100455045180438,0.0100470276794505,0.0100484252977047,0.0100500406698655,0.0100521773778823,0.0100549539227306,0.0100584214401253,0.0100626641158742,0.0100677413540937,0.0100736414007302,0.010080355682154,0.0100879709609237,0.0100966738785802,0.0101066654248472,0.0101180297132172,0.0101306480677901,0.0101442584862131,0.010158642184542,0.0101737994000086,0.0101899859788417,0.0102076055308707,0.0102270780000101,0.0102487597998382,0.0102728774868359,0.0102995012110789,0.0103286172221858,0.0103601969596902,0.0103942025499001,0.0104307138940857,0.0104701703800683,0.0105132860641294,0.0105605304938298,0.0106118231677271,0.0106668049818247,0.0107251558135596,0.0107866427564097,0.0108513715241264,0.010920391666353,0.0109959301389057,0.0110806841692647,0.011176712102715,0.0112850775226956,0.0114064843332954,0.011541691517555,0.0116909238590513,0.0118534609383565,0.0120286177694204,0.0122170300649819,0.0124201984334789,0.0126380667955798,0.0128667413454221,0.0130986430126268,0.0133248410115407,0.0135372424426079,0.0137295572707559,0.0138973242362349,0.0140362503018763,0.0141387876643772,0.0141922291435442,0.0141817781133492,0.0140973144395662,0.013938345232676,0.0137129176398987,0.0134323428653411,0.0131075891352814,0.0127500384146096,0.0123736506830413,0.0119948852787526,0.0116303003798489,0.0112939940462751,0.0109962104078995,0.010742951502943,0.0105360985938985,0.0103738793639809,0.0102516621986958,0.0101629888318353,0.0101007291994522,0.0100581599605909,0.0100296337376467,0.0100107326169331,0.01
"24",0.0100355574901805,0.0100379007889275,0.0100396295639344,0.0100408513135102,0.0100417361069187,0.0100424991383973,0.0100433524168346,0.0100444502939102,0.0100458631099045,0.0100475855101422,0.0100495697231182,0.0100517953001925,0.0100543491134648,0.0100574312401483,0.0100612582179934,0.0100659424848656,0.0100714449459213,0.0100776301496255,0.0100843728829071,0.0100916360990546,0.0100994892008781,0.0101080769762861,0.0101175594122961,0.0101280975293994,0.0101399222522176,0.0101533322084728,0.0101685028871179,0.0101852988196979,0.0102033295086933,0.010222230450307,0.0102419776403734,0.0102629887570816,0.0102858588380368,0.0103109478770136,0.0103382776639239,0.0103678491974843,0.0103999118797922,0.0104347175713219,0.0104720284593805,0.0105111404098718,0.0105515822776585,0.0105936660042995,0.0106381568451007,0.0106855549806317,0.010736042125085,0.0107901167837693,0.0108490525149352,0.010914830940847,0.0109896960323929,0.0110753571060863,0.0111723344541369,0.0112802634729997,0.0113988821137561,0.0115285319584474,0.0116697358722581,0.0118224927350628,0.0119860655411688,0.0121593283727879,0.0123409784691649,0.0125290896979438,0.0127203895419256,0.0129101466707377,0.0130932108289096,0.0132656961704372,0.0134258670325295,0.0135731503115086,0.0137055905828047,0.0138173235697182,0.0138979773946611,0.013934793887364,0.0139163374543142,0.0138355617878934,0.0136907898592573,0.0134852055205283,0.0132262217160054,0.0129247493738658,0.0125938169911227,0.0122471386472427,0.0118984143260025,0.0115609575354227,0.0112469028729576,0.0109660262110783,0.010724717228036,0.0105254740341345,0.0103670050961234,0.0102449864966635,0.010153391716446,0.0100858373812216,0.0100364047223388,0.01
"25",0.0100371393800676,0.0100425339108726,0.0100473246603706,0.0100513253806764,0.0100545340173128,0.0100570616394299,0.0100590379937761,0.0100605587224064,0.010061722484508,0.0100627537785439,0.010064080797848,0.0100662211562687,0.0100695388415081,0.0100740978387775,0.0100797213951669,0.0100861771272596,0.0100933626208825,0.0101013952004638,0.0101105478067453,0.0101210767521986,0.0101330949591258,0.0101465690203748,0.0101613550407742,0.0101772414377875,0.0101940838298803,0.0102119388826985,0.0102309380288415,0.010250977722591,0.0102716901146679,0.0102928218194979,0.0103145621988395,0.0103375028768097,0.0103623790054889,0.0103897764190964,0.0104198686666301,0.0104522792492861,0.0104862433475247,0.0105211487674322,0.0105570544145203,0.0105946535703809,0.0106350136424437,0.0106798305676386,0.0107317821628996,0.0107938722625463,0.0108679912874964,0.0109541506174689,0.0110511424373903,0.0111579244557788,0.0112744103766708,0.0114010311048165,0.0115375540100104,0.0116821306200403,0.0118317120563652,0.0119844011496352,0.0121420878131502,0.0123103800642912,0.0124950807344736,0.0126975863333683,0.0129122316330537,0.0131275153072031,0.0133310768853474,0.0135151002101352,0.0136771364878191,0.0138146024754569,0.0139182316500011,0.0139730218083973,0.013967546489132,0.0139009238401739,0.0137791242674378,0.0136068552967703,0.0133854418706822,0.0131176273166658,0.0128134018009551,0.0124907126040438,0.0121685184645709,0.0118581312315575,0.0115624190996803,0.0112826771839433,0.0110237900609985,0.0107929478850416,0.0105957539535117,0.0104341854069099,0.0103068498217768,0.0102100727405021,0.0101389181312402,0.0100880436173753,0.0100524325322378,0.0100278511924975,0.0100109558511002,0.01
"26",0.0101346218783334,0.0101360761776916,0.0101386541461945,0.0101436437364761,0.0101513779745484,0.0101615887558946,0.010173816215321,0.010187465408773,0.0102017668401189,0.0102161533944086,0.0102306938364388,0.0102458204272539,0.010261743485708,0.0102783888765124,0.0102957332726779,0.0103141579226263,0.0103346529334249,0.0103584436424249,0.0103860798094258,0.010416816746933,0.0104487608903446,0.0104796131348617,0.0105077660141619,0.010533391731159,0.0105588085992463,0.0105876448012856,0.0106234403265333,0.0106686451163192,0.0107239517026442,0.0107879580079209,0.0108579176985289,0.0109309731052515,0.0110040996245957,0.0110733947661722,0.0111352471024923,0.011189141420787,0.011238434363785,0.0112869846711952,0.0113350996196506,0.0113802600263667,0.0114217817002276,0.0114624753917002,0.011504875089397,0.0115477491484106,0.0115874528166293,0.0116217338262441,0.0116517507236742,0.011681365031231,0.0117153446068135,0.0117581076450501,0.0118131539096697,0.0118820216668511,0.0119627271710652,0.0120503175667487,0.0121407741249392,0.0122340142111171,0.0123318987344518,0.0124343230540184,0.0125381877294151,0.0126383121148845,0.0127279431434537,0.0128003434987161,0.0128521220402591,0.0128837172632313,0.0128937255922371,0.0128731422159235,0.012808782638306,0.0126947500548872,0.0125397773393216,0.0123611643091461,0.0121707299644293,0.0119679819713205,0.0117473115360351,0.0115094486789527,0.0112646487566437,0.011027233851237,0.0108093823653886,0.0106187333147459,0.0104587473626214,0.0103296996092079,0.0102295558432236,0.0101547631327628,0.0101009850153712,0.0100637206817336,0.0100387694670768,0.0100225472768661,0.0100122496148699,0.010005838388007,0.0100019015461661,0.01
"27",0.0100447937268622,0.0100422027632658,0.0100434092766224,0.0100468022300086,0.010050546975541,0.0100535911604327,0.010055749739897,0.0100566606070266,0.0100553473560285,0.0100517297672887,0.0100478279129524,0.0100461217670793,0.0100471791132621,0.0100499087855708,0.0100535060155304,0.0100581220057851,0.0100640443585424,0.010070994897341,0.0100781151298569,0.0100845961890487,0.0100907567054853,0.0100983416102042,0.0101090582388127,0.0101225968211092,0.0101365251803582,0.0101485662823165,0.0101589317386376,0.0101705683873851,0.010187923459364,0.0102154331695719,0.010255750481627,0.0103081704723556,0.0103679902573873,0.0104268087268033,0.0104748972990504,0.0105068862745486,0.010526992050686,0.0105470804111064,0.0105779270643329,0.0106221013758726,0.0106742668769837,0.0107270667607272,0.0107776914369719,0.010830492311125,0.0108926614371413,0.0109662251617862,0.0110465032422135,0.0111308509124319,0.0112255757370083,0.0113390610937408,0.0114677810825928,0.0115937296812481,0.0117022719522023,0.0118036672847187,0.0119291174532861,0.0121016012232887,0.0123163494282257,0.0125504121969801,0.0127828663168024,0.0130038732533645,0.0132120412384996,0.0134084995507872,0.0135920734256163,0.0137571233863807,0.0138944931946365,0.0139939649732196,0.0140461560016876,0.0140434015396069,0.0139802592112379,0.01385405969982,0.0136654748559652,0.0134189316028783,0.0131227099449009,0.0127885936269839,0.0124310227866642,0.0120658256213342,0.0117087146766269,0.0113737807247436,0.0110722117554422,0.0108114336290862,0.0105948116249678,0.0104219395242503,0.0102893861207632,0.0101916626316886,0.010122219102556,0.0100744043466194,0.0100422846369161,0.0100210861239013,0.0100072106778541,0.01
"28",0.0100923127704657,0.0101003378975499,0.010108482123334,0.0101175992832907,0.0101276253173541,0.0101380212490713,0.0101483957694958,0.0101586526368561,0.0101686344472097,0.0101781453301838,0.0101876519901406,0.010198397610275,0.0102112422448586,0.0102256859997238,0.0102405738567584,0.0102557475696902,0.0102725294462527,0.0102922667137923,0.010314654167673,0.0103380016491671,0.0103615841936122,0.0103878730510271,0.010421687744015,0.0104656780278195,0.0105162272642521,0.0105652852396636,0.0106075400963069,0.0106450321619408,0.0106838794243104,0.01072789513946,0.0107767393650655,0.0108286605125812,0.0108828969446756,0.0109398350715661,0.0109999620386928,0.0110626299269431,0.0111262011464713,0.0111903119920564,0.0112574960747142,0.0113311962997718,0.0114118275558671,0.0114950890945866,0.0115737144768452,0.0116405862861442,0.0116921308617269,0.0117315773762554,0.0117689531272238,0.0118156642660152,0.0118779049054724,0.0119552641144538,0.0120446636427771,0.0121436181534167,0.0122493033543795,0.0123565755574873,0.0124587382779937,0.0125504927873772,0.0126305309588815,0.0127019329177958,0.0127693856661382,0.0128346561700228,0.0128944044134275,0.0129420936562288,0.0129709507967475,0.0129751693136281,0.0129497075665133,0.0128894239518575,0.0127888142118393,0.0126446769691792,0.0124601057763832,0.0122446695056501,0.0120103297727537,0.0117676958111585,0.0115250738323216,0.0112891467164328,0.0110657602506501,0.0108601744839774,0.0106767364353069,0.0105183432503829,0.0103861196946809,0.0102794638287594,0.0101963728433245,0.0101338908293969,0.0100885560597138,0.0100567902672511,0.0100352218148278,0.0100209430516262,0.0100116651090906,0.0100057218005127,0.0100019550326611,0.01
"29",0.0100335620279976,0.010034539343567,0.0100347487097804,0.0100345302828507,0.0100343791365237,0.0100347890805145,0.0100360656531824,0.0100381657855642,0.0100406992629928,0.0100431656647666,0.0100452693027016,0.0100470764639253,0.010048972349852,0.010051497225622,0.0100550842808575,0.0100598354247643,0.010065585473786,0.0100721867887174,0.0100796459655452,0.01008798786293,0.0100971111675662,0.010106904452178,0.0101175272328629,0.0101294827880778,0.010143356182444,0.0101595377964994,0.0101782222451833,0.0101995611990489,0.0102236334229099,0.0102501178857835,0.0102780574633345,0.0103062818739156,0.0103343714543218,0.0103631654300519,0.0103941542079576,0.010428492451873,0.0104668035061454,0.0105095801221206,0.0105570170068268,0.0106083387828823,0.0106620577748124,0.0107175127716597,0.0107759133613189,0.0108393054500571,0.0109086297610202,0.0109834993671969,0.0110638789979887,0.0111512401747787,0.0112480344951695,0.0113564894763483,0.011477571829206,0.0116106520169769,0.0117546676653235,0.0119102099874722,0.0120800408237119,0.0122664802817097,0.0124677599548589,0.0126774437508354,0.0128878751890564,0.0130937031918073,0.0132917772538323,0.0134784924448201,0.013648027157275,0.0137929975515255,0.0139065055598951,0.0139835131005175,0.0140200679991855,0.0140109470865952,0.0139484027378216,0.0138243022799245,0.0136345217661019,0.0133819661961961,0.0130761517695984,0.0127306878484484,0.0123614234499519,0.0119859564785145,0.0116224825734832,0.0112869671123805,0.0109905663204915,0.0107390744151253,0.0105338250351594,0.0103727689299837,0.0102513605497552,0.0101634355085594,0.0101021388853576,0.0100608148121219,0.0100337055001985,0.0100162737080298,0.0100051579034158,0.01
"30",0.0100571466663698,0.0100569865556068,0.0100586259386381,0.0100604773850434,0.0100615589499788,0.0100616615035431,0.0100611521628478,0.0100604823841871,0.0100598080898421,0.0100591830490794,0.0100589967322578,0.0100598332919515,0.0100618242879505,0.0100644667252355,0.0100672564212999,0.0100703545289066,0.0100744730768325,0.0100800771436177,0.0100867862589152,0.0100937554922209,0.0101006927077115,0.010108201053723,0.0101169303625606,0.0101267885592286,0.0101374461610518,0.0101493300166033,0.0101634811812623,0.0101804570143176,0.0101999533472309,0.0102216158605465,0.010245560456721,0.0102715742465465,0.0102983187781504,0.0103243994090504,0.0103504738036937,0.0103794624589711,0.010414159393606,0.0104552171275595,0.0105018798073796,0.0105539462521489,0.010612228975131,0.0106772293231196,0.0107479721448819,0.0108225615737688,0.010899515993535,0.0109778560153956,0.0110566526194302,0.011136296191751,0.0112202612514879,0.0113139612533522,0.0114212122096168,0.011542522096779,0.0116769102975318,0.0118245878601173,0.011987739394758,0.0121691278068128,0.0123693616313584,0.0125841830203832,0.0128043564577461,0.0130199815645471,0.0132261115746052,0.0134231106635891,0.01361066253635,0.0137825360435566,0.0139272646349875,0.014031485655617,0.0140824561042887,0.0140720787369684,0.0140015843673269,0.0138784483599097,0.0137050471224547,0.0134744246204242,0.0131820437162118,0.0128385943271382,0.0124671476501062,0.012090793192672,0.0117262673001616,0.0113857491432748,0.011079283131134,0.0108143793208437,0.0105947520115863,0.0104200679100475,0.010286700720268,0.0101888582157959,0.0101196999822235,0.0100723538661698,0.0100407443288397,0.0100200259970675,0.010006589775675,0.01
"31",0.0100811088909763,0.0100758839841853,0.0100717742803886,0.0100685305189679,0.0100660292537213,0.0100641848645798,0.0100629595122017,0.010062331427656,0.0100621908556107,0.0100624426977958,0.0100633069242413,0.0100652892995709,0.0100687393931765,0.0100735855953324,0.0100794505109724,0.0100858190264746,0.0100922169849371,0.0100984819054008,0.0101048518002793,0.0101117512682431,0.0101195150897742,0.0101281631681309,0.0101373408333612,0.010146602461523,0.0101557378365591,0.0101648066980818,0.0101742718628001,0.0101853847599244,0.0101999778136917,0.0102192896953118,0.0102429271564435,0.0102692441948653,0.0102970664056632,0.0103270844020028,0.0103611049557505,0.0103998141277834,0.0104419685731883,0.0104859749017638,0.010531420503583,0.0105788505767182,0.0106288680069619,0.0106818863387603,0.0107386883253989,0.0108009435280754,0.0108704319410264,0.0109475055507882,0.0110310844270473,0.0111206120210966,0.0112175859759993,0.0113246316608219,0.0114429777176825,0.0115712418127131,0.0117068852642438,0.0118484582745692,0.0119966417636498,0.0121542992050287,0.0123253833452165,0.0125115214498774,0.0127085948885707,0.0129083563433404,0.0131044210570429,0.0132954943221988,0.0134824708286785,0.0136632894296668,0.0138289791159356,0.013962108411372,0.0140415542084063,0.0140534945356626,0.0139968281750859,0.0138761706636915,0.0136947899187271,0.0134579688976366,0.0131770912014792,0.0128645273013271,0.0125279430653273,0.0121740776314003,0.011815381904377,0.0114692878775107,0.0111521028403851,0.0108748266841038,0.0106427173442184,0.0104563760805595,0.0103128750458934,0.0102068089157502,0.0101313816368643,0.0100795095650538,0.0100447819591946,0.0100219986595467,0.010007224315892,0.01
"32",0.0100709499272278,0.0100689872287263,0.0100681082494703,0.010068291068718,0.010069423318937,0.0100712965738058,0.0100737631587408,0.0100768774018682,0.0100807910478887,0.0100855380598169,0.0100910820185631,0.0100975557011554,0.0101052631820869,0.0101143974744996,0.0101248806408334,0.0101365765235587,0.0101496158760022,0.010164408381948,0.0101813396803348,0.0102005568794282,0.0102220897369963,0.0102461172379161,0.0102730023456582,0.010303005682337,0.0103360541525148,0.0103719082283605,0.0104104853147566,0.0104518314236468,0.0104957547961589,0.0105416381721261,0.0105886779279442,0.0106363186151378,0.0106846165103573,0.0107343055817757,0.0107862887821487,0.0108407914699433,0.0108971998151345,0.0109550031143532,0.0110145228567786,0.0110762447911913,0.0111398125590214,0.0112042712293991,0.0112691010996485,0.0113345006825377,0.0114007409722682,0.0114678153908872,0.0115360581193624,0.0116069986639008,0.01168340811342,0.0117682791239844,0.0118633929853396,0.0119685087671555,0.0120817647770364,0.0122009862043548,0.01232485836059,0.0124528160313303,0.0125836019301388,0.0127141598375431,0.0128404988064322,0.0129598196815562,0.013071334310598,0.0131742645800941,0.0132646766625078,0.0133343832988525,0.0133727563628682,0.0133694167542128,0.0133163816621138,0.0132101503134857,0.013053710009249,0.0128562315198689,0.0126288994532547,0.0123801870321661,0.0121153306287194,0.0118394190487856,0.0115600939313098,0.0112878081561794,0.0110337585263047,0.0108069338383909,0.0106124057043433,0.0104515534932142,0.0103231355299534,0.0102241973613363,0.0101506947171997,0.0100980208639464,0.0100615122908104,0.0100369090096804,0.0100206905578557,0.0100101865314451,0.0100034805301153,0.01
"33",0.0100545450325962,0.0100545881267174,0.0100534656221174,0.0100525344158048,0.0100528796896465,0.0100548379285648,0.0100581004379838,0.0100622359451064,0.0100669810088649,0.0100720091108675,0.0100768158293365,0.0100811151772954,0.0100851341565201,0.0100893874332547,0.0100944015847259,0.0101007582207604,0.0101091166278342,0.010119871623047,0.0101327544147316,0.0101469529040766,0.010161738251186,0.0101769156075969,0.010192681584575,0.0102092821751736,0.0102269965223352,0.0102463355870786,0.0102679121636332,0.010291788514629,0.0103169139879698,0.0103415187344477,0.0103643894367315,0.0103858158554442,0.0104072120215862,0.0104298792073746,0.0104544033772935,0.0104812512651046,0.0105111849063711,0.0105444195574388,0.0105799570605528,0.0106166096691296,0.0106545490413617,0.0106956741962972,0.0107427799216244,0.0107981408285152,0.0108624874158201,0.0109356176819179,0.0110179409188782,0.0111105650123579,0.0112136964522493,0.0113259355580693,0.0114457790254108,0.0115735645921481,0.0117120007976858,0.0118652132515329,0.012036878971293,0.0122284529061681,0.0124388946366231,0.012665290833765,0.0129016865506317,0.0131366888640664,0.0133549763198747,0.0135441332685762,0.0136998753491423,0.0138233040431479,0.0139137964409865,0.0139658468234958,0.0139715256943379,0.013923852455967,0.0138183489467814,0.0136538854354033,0.0134339675497749,0.0131673858093828,0.0128661134296112,0.0125415134172144,0.0122034508923323,0.0118631360401387,0.0115344193106871,0.0112307331398676,0.0109613941523387,0.0107308252436374,0.0105398448801379,0.0103868964672656,0.0102686664097796,0.0101805131189727,0.0101169986843755,0.0100725539861176,0.0100421419157058,0.0100216594368401,0.0100079856224846,0.01
"34",0.0101543684083349,0.0101730298629948,0.0101938522992982,0.0102172802622027,0.0102431241188591,0.010270633312158,0.0102989215122232,0.0103273493718035,0.010355328565494,0.0103817528160551,0.0104051195842303,0.0104245881635153,0.010440679885366,0.0104546542568195,0.0104674186315903,0.0104794501756748,0.0104918238527131,0.0105068151082635,0.0105267265503209,0.0105518297941736,0.0105800162678345,0.0106090225248604,0.0106386624957705,0.0106703875132859,0.0107051357959606,0.0107424920147477,0.0107819449554953,0.0108240416822508,0.0108695697232234,0.0109179420915661,0.010967433386012,0.0110173965115361,0.0110694384572585,0.0111256624870117,0.0111861069773136,0.0112485815091414,0.0113109661185923,0.0113729911288414,0.0114352006813134,0.0114964304438568,0.0115532125396078,0.0116024586572706,0.0116450673075713,0.011686651636765,0.0117341644461913,0.0117913945802742,0.0118574357980403,0.0119290812711899,0.012004025250864,0.0120816591835052,0.0121618260598979,0.0122435185485248,0.0123246878035639,0.01240333990987,0.0124783059177772,0.0125480850384387,0.0126094079300617,0.0126578132179314,0.0126892381452132,0.0127008129353389,0.0126911756689982,0.0126605172411586,0.0126094359151394,0.0125374447886673,0.0124434803460264,0.0123277974290384,0.0121919281048458,0.0120367774786689,0.0118627278831989,0.0116724166764181,0.0114722040625054,0.0112701909749759,0.0110733433525433,0.0108866754925419,0.0107142584011491,0.0105599966465663,0.0104271135828966,0.0103170786043021,0.0102292215256346,0.0101613040407584,0.0101103806331116,0.0100733771838785,0.0100473482347636,0.0100296012951677,0.0100178105745121,0.0100101174820844,0.0100051508899754,0.0100019542187798,0.01,0.01
"35",0.0100633494289363,0.0100650908821846,0.0100658765458969,0.0100663360479477,0.0100667136568251,0.0100670181405017,0.0100673589880033,0.0100682073496125,0.010070227848088,0.0100737486903607,0.0100785714863183,0.0100844203541494,0.0100913217733894,0.0100994549523945,0.010108988914664,0.0101201838675567,0.0101333535976992,0.010148665531393,0.0101661100020525,0.0101854978957716,0.0102063527336162,0.0102280966121176,0.0102506401442411,0.0102749358785689,0.0103031050842229,0.0103376809194385,0.0103799287791733,0.0104285911964597,0.010480344689901,0.010531451413003,0.0105794622668161,0.0106244003924732,0.0106687878930877,0.0107161381598496,0.0107689758999631,0.0108278100507194,0.010891149186713,0.0109563009369355,0.0110211538142352,0.0110859314386374,0.0111528284161628,0.0112235638511856,0.0112977486927579,0.0113741872148579,0.0114538797259638,0.0115415950497653,0.0116438595216764,0.0117642448200582,0.0118995593120483,0.0120402281517706,0.0121751934334292,0.012298291565046,0.0124112688589059,0.012521116456039,0.0126347583453002,0.0127553626628856,0.0128809350819388,0.0130046219029702,0.0131179111109671,0.0132157899069544,0.0132985985959376,0.0133678062101467,0.0134202717400881,0.0134465470655176,0.0134331077249348,0.013366241550138,0.0132372709862198,0.0130477981273874,0.0128113843270052,0.0125490918079857,0.0122802208556587,0.0120145968507915,0.0117525959978138,0.0114914104663958,0.0112316621515998,0.0109807540436344,0.0107511226429896,0.0105542229440294,0.0103953624998396,0.0102733068681335,0.0101831081672137,0.0101187541315663,0.0100744262343887,0.0100449275849018,0.0100258934978811,0.010013921907182,0.0100065436063539,0.0100020486041324,0.01,0.01
"36",0.0100580563140305,0.0100562318930495,0.0100548200428353,0.0100541236511382,0.0100543153894019,0.010055076301825,0.0100557251452465,0.0100557985191781,0.0100555218755625,0.0100556388100869,0.0100567752339828,0.0100590124665132,0.0100621062435514,0.0100660864400157,0.0100714902404781,0.0100788635414364,0.0100880841543637,0.0100984450898695,0.0101095645823694,0.010121819500142,0.0101354783252059,0.010150058764106,0.0101654578418735,0.0101831867753921,0.0102051885962557,0.0102313686690135,0.0102593962998941,0.0102875004610339,0.0103167462043097,0.0103495875079736,0.0103864293681753,0.0104249491426379,0.0104631737870937,0.0105019602068903,0.0105437988311979,0.0105902131317252,0.0106408416708177,0.0106938421264526,0.0107463287345234,0.0107956229265922,0.0108415836468324,0.0108870528858437,0.0109346948116001,0.0109843568423121,0.0110351850041285,0.0110896737760232,0.0111541817453979,0.0112356043459052,0.0113379532031155,0.0114609414727159,0.0115995958814576,0.0117446515389954,0.0118865618946048,0.0120230960877703,0.0121625521851604,0.0123163699880752,0.0124883148211128,0.0126724435569207,0.0128600010707765,0.0130444896042099,0.013219962852187,0.0133790565626906,0.0135155302629582,0.0136261949013858,0.0137084226280915,0.0137581393306862,0.0137707437016936,0.0137404284400385,0.0136584388641496,0.0135164887029518,0.0133135538043303,0.0130576125766252,0.0127613471269466,0.012438166375288,0.0121014846133174,0.0117650286596247,0.0114422091210634,0.0111447703213296,0.0108815582452106,0.0106578355927059,0.0104752009579785,0.0103320158760097,0.0102241845908176,0.0101461017063096,0.0100915942895516,0.0100547447074259,0.010030487378513,0.0100148514166582,0.0100048853812773,0.01
"37",0.0100448090460681,0.0100462055943078,0.0100474784501036,0.0100485248029097,0.0100493868872497,0.010050295097179,0.0100514820583886,0.0100529176737037,0.010054266694667,0.0100551457690532,0.0100553915789949,0.0100551295936657,0.0100547227972324,0.0100546608340109,0.010055362988129,0.0100570326987652,0.0100597369091507,0.0100635852808861,0.0100687763752142,0.0100755201021009,0.0100839383140265,0.0100939191499535,0.0101049582574689,0.0101162430496836,0.0101271841623732,0.0101381283849356,0.0101505686505948,0.0101663876453856,0.0101865408753272,0.0102103187137412,0.0102359378695936,0.0102618828403763,0.0102877527645518,0.0103141934186346,0.0103424255306451,0.0103736615685518,0.0104084395301975,0.0104464993306107,0.0104876674293928,0.0105327849395135,0.0105835040614754,0.0106412748361735,0.0107064278978334,0.0107777691223964,0.0108532020341471,0.0109313620682778,0.0110125459237805,0.011097685133063,0.0111871400901325,0.011281577680371,0.0113837166805003,0.0114979711781273,0.0116278539867476,0.0117738329143102,0.0119337623000672,0.0121055105727585,0.0122891323260712,0.0124864702150026,0.0126990917087772,0.0129260310098376,0.013161737819238,0.0133962096971477,0.0136186717526775,0.0138208151510345,0.0139952938912367,0.0141323694201394,0.0142202765326,0.0142486855733667,0.0142101532650232,0.0140986623062915,0.0139098309737955,0.0136449417840443,0.0133147074507119,0.0129384527867573,0.0125392256221159,0.0121383592373155,0.0117526877359233,0.0113950309122493,0.0110755475831715,0.0108016454533185,0.0105768775862586,0.0104004678602828,0.0102679969066129,0.0101727082232566,0.0101068624940861,0.0100629153011368,0.0100343902600238,0.0100162641312692,0.0100048914147605,0.01
"38",0.010057079236382,0.0100555303106025,0.010055467073851,0.01005668852321,0.0100590679749075,0.0100624481714765,0.0100666134366113,0.0100714447137551,0.010077078297139,0.0100837598065425,0.0100914912256164,0.010099926710149,0.0101086599484007,0.0101175946689183,0.0101270764228635,0.0101376831437971,0.0101498093708012,0.010163380491472,0.0101779561720875,0.0101931161245718,0.0102087812529338,0.0102252047684551,0.0102426077796268,0.0102607734998658,0.010279107925018,0.0102972291015037,0.0103154290674143,0.0103344404454028,0.0103547976803091,0.0103764810750794,0.0103990838187597,0.0104222722983391,0.0104462510270269,0.0104720173879527,0.0105012145500556,0.0105355109206708,0.0105758063092191,0.0106218188294003,0.0106723110332375,0.0107258161858285,0.010781543435178,0.0108397324773224,0.0109009114901872,0.01096520546714,0.0110332730349409,0.0111076786051105,0.0111921848919782,0.0112895181905389,0.0114002905326032,0.0115235524878462,0.0116572496676183,0.0117980214389635,0.0119417137637963,0.0120853309430833,0.0122287858841259,0.0123742854684242,0.012523657414218,0.0126762022553553,0.0128287462798239,0.0129771726906015,0.0131176372122928,0.0132462875577227,0.0133583011641118,0.0134480913151466,0.0135102701620277,0.0135395714802596,0.0135305611455855,0.0134791068849466,0.0133847247955281,0.0132511017016165,0.0130835800217818,0.0128855193004653,0.0126575740673146,0.0124014311592692,0.0121240446196852,0.0118374678620904,0.0115547516196482,0.0112864027942335,0.0110397411675301,0.0108197354023542,0.0106295046056803,0.0104702819759426,0.0103413806159972,0.0102404196224932,0.0101637540600126,0.0101070441440356,0.0100659025388247,0.0100364030713396,0.0100152921199883,0.01
"39",0.0101161784012797,0.010129911577117,0.0101446018268116,0.0101612058231321,0.0101804154954179,0.0102027279676609,0.0102284673808653,0.0102575324714024,0.0102890460790604,0.0103214387774071,0.0103531411267345,0.0103832438593548,0.0104114011959232,0.0104372964778399,0.0104607258151635,0.0104824210524026,0.0105043741429101,0.0105288020591931,0.0105565969126704,0.0105868370838117,0.0106178460716684,0.0106487056184987,0.0106797245713297,0.0107116348820292,0.0107447819602255,0.0107793672975838,0.0108162712270612,0.0108570984128161,0.0109028496942482,0.0109524026442688,0.0110027981224717,0.0110516033292617,0.011098969315445,0.0111470978667235,0.0111979190738686,0.0112516961331544,0.0113076552824795,0.0113651241119224,0.0114235197930443,0.0114816881804686,0.0115381889497645,0.0115926648554034,0.0116465892464866,0.0117020652942517,0.0117601572203959,0.0118213492195413,0.0118873865770115,0.0119613104861045,0.0120450395338714,0.0121369979578201,0.0122318611007362,0.0123222043825429,0.0124013447159541,0.0124669746794664,0.0125229899758179,0.0125760998062554,0.0126294093448055,0.0126795965563337,0.0127194209472057,0.0127413062686227,0.0127393764961196,0.0127105397085535,0.0126545072725933,0.0125724175502023,0.0124656771655297,0.0123360076341932,0.0121851059248756,0.0120136354141606,0.0118222358565872,0.0116149633069442,0.0114009507820784,0.0111912753602363,0.0109940362625407,0.0108127663371056,0.0106487796036295,0.0105037433473664,0.0103798121645684,0.0102781685819529,0.0101980767125259,0.0101371808937743,0.0100923586190051,0.0100603901066472,0.0100382928135936,0.0100234659201748,0.0100137679605807,0.0100075556848925,0.0100036553974436,0.0100012700896455,0.01,0.01
"40",0.0100893564016041,0.0100918053617577,0.0100935708585393,0.0100947871758173,0.0100956879515962,0.0100965606768692,0.0100976836496945,0.0100992248216474,0.0101011555127668,0.0101032972234397,0.0101055120639165,0.0101078841609726,0.0101107386957154,0.010114490720476,0.010119452163201,0.0101257397422201,0.0101333279236639,0.0101421973563524,0.010152477219456,0.0101644474124863,0.0101783738313556,0.0101943607502731,0.0102123654448013,0.0102322624303607,0.0102538488562969,0.0102768996807304,0.010301325090806,0.0103272397380423,0.010354787390916,0.0103838817192888,0.0104141974973849,0.0104454785645274,0.0104777918903143,0.010511365710842,0.0105462104973462,0.0105821513731084,0.0106194689622308,0.0106593780562065,0.0107034942339066,0.0107527493720174,0.010807139294191,0.0108665608948433,0.0109312967412031,0.0110012427879354,0.0110751586095979,0.0111514931459992,0.0112300526846271,0.0113124306104459,0.0114007011018281,0.0114960208431683,0.0115985645909416,0.0117082171550006,0.0118247079708458,0.0119472206347638,0.0120743867108928,0.0122047895639465,0.0123373675080201,0.0124714048377191,0.0126064282180666,0.0127423570188234,0.0128794913422737,0.0130175258810819,0.0131538176871605,0.0132824856345993,0.0133954352441598,0.0134842584296467,0.0135410696661799,0.0135581574527372,0.0135282585077305,0.0134462733881514,0.0133107589153927,0.0131237313418874,0.012889853511073,0.0126165400973654,0.0123145751934284,0.011997808248736,0.0116813189144173,0.0113788770409194,0.0111011606702816,0.010855334016579,0.0106453750544613,0.0104724403821752,0.010335175087611,0.010230156094222,0.0101525341397525,0.0100968326052236,0.0100577656040984,0.0100307958963124,0.0100123030473368,0.01
